title,url,release_date,critic_score,audience_score
Patton,https://www.rottentomatoes.com/m/patton,"Released Jan 25, 1970",91.0,93.0
Woodstock,https://www.rottentomatoes.com/m/woodstock,"Released Mar 26, 1970",100.0,92.0
Little Big Man,https://www.rottentomatoes.com/m/little_big_man,"Released Dec 14, 1970",91.0,87.0
Days and Nights in the Forest,https://www.rottentomatoes.com/m/days_and_nights_in_the_forest,1970,100.0,97.0
Patton,https://www.rottentomatoes.com/m/patton,"Released Jan 25, 1970",91.0,93.0
The Boys in the Band,https://www.rottentomatoes.com/m/boys_in_the_band,"Released Mar 17, 1970",90.0,87.0
Woodstock,https://www.rottentomatoes.com/m/woodstock,"Released Mar 26, 1970",100.0,92.0
The Red Circle,https://www.rottentomatoes.com/m/le_cercle_rouge,"Released Jan 2, 1970",96.0,92.0
The Conformist,https://www.rottentomatoes.com/m/the_conformist,"Released Oct 22, 1970",98.0,90.0
The Conformist,https://www.rottentomatoes.com/m/conformist,"Released Oct 22, 1970",98.0,90.0
Three Sisters,https://www.rottentomatoes.com/m/three_sisters,2012,100.0,88.0
Gimme Shelter,https://www.rottentomatoes.com/m/gimme_shelter,"Released Dec 6, 1970",94.0,91.0
Claire's Knee,https://www.rottentomatoes.com/m/claires_knee,"Released Feb 1, 1971",96.0,85.0
Little Big Man,https://www.rottentomatoes.com/m/little_big_man,"Released Dec 14, 1970",91.0,87.0
The French Connection,https://www.rottentomatoes.com/m/the_french_connection,"Released Oct 7, 1971",96.0,87.0
The French Connection,https://www.rottentomatoes.com/m/french_connection,"Released Oct 7, 1971",96.0,87.0
Dirty Harry,https://www.rottentomatoes.com/m/dirty_harry,"Released Jan 1, 1971",89.0,90.0
The Last Picture Show,https://www.rottentomatoes.com/m/last_picture_show,"Released Jan 1, 1971",98.0,89.0
Punishment Park,https://www.rottentomatoes.com/m/punishment_park,"Released Mar 14, 1973",92.0,86.0
The Emigrants,https://www.rottentomatoes.com/m/the_emigrants,"Released Sep 24, 1972",94.0,87.0
The Emigrants,https://www.rottentomatoes.com/m/emigrants,"Released Sep 24, 1972",94.0,87.0
McCabe & Mrs. Miller,https://www.rottentomatoes.com/m/mccabe_and_mrs_miller,"Released Jun 24, 1971",85.0,86.0
Willy Wonka and the Chocolate Factory,https://www.rottentomatoes.com/m/willy_wonka_and_the_chocolate_factory,"Released Jan 1, 1971",92.0,87.0
Walkabout,https://www.rottentomatoes.com/m/walkabout,1971,86.0,86.0
And Now for Something Completely Different,https://www.rottentomatoes.com/m/and_now_for_something_completely_different,1972,88.0,87.0
The French Connection,https://www.rottentomatoes.com/m/the_french_connection,"Released Oct 7, 1971",96.0,87.0
The French Connection,https://www.rottentomatoes.com/m/french_connection,"Released Oct 7, 1971",96.0,87.0
The Last Picture Show,https://www.rottentomatoes.com/m/last_picture_show,"Released Jan 1, 1971",98.0,89.0
Harold and Maude,https://www.rottentomatoes.com/m/harold_and_maude,"Released Jan 1, 1971",86.0,93.0
Dirty Harry,https://www.rottentomatoes.com/m/dirty_harry,"Released Jan 1, 1971",89.0,90.0
The Godfather,https://www.rottentomatoes.com/m/the_godfather,"Released Mar 15, 1972",97.0,98.0
The Godfather,https://www.rottentomatoes.com/m/godfather,"Released Mar 15, 1972",97.0,98.0
"What's Up, Doc?",https://www.rottentomatoes.com/m/whats_up_doc,"Released Mar 10, 1972",89.0,88.0
Jeremiah Johnson,https://www.rottentomatoes.com/m/jeremiah_johnson,"Released Sep 10, 1972",91.0,89.0
Cabaret,https://www.rottentomatoes.com/m/cabaret,"Released Feb 13, 1972",92.0,87.0
Cabaret,https://www.rottentomatoes.com/m/cabaret,"Released Feb 13, 1972",92.0,87.0
The New Land,https://www.rottentomatoes.com/m/the_new_land,"Released Feb 26, 1972",100.0,86.0
"What's Up, Doc?",https://www.rottentomatoes.com/m/whats_up_doc,"Released Mar 10, 1972",89.0,88.0
The Godfather,https://www.rottentomatoes.com/m/the_godfather,"Released Mar 15, 1972",97.0,98.0
The Godfather,https://www.rottentomatoes.com/m/godfather,"Released Mar 15, 1972",97.0,98.0
"Play It Again, Sam",https://www.rottentomatoes.com/m/play_it_again_sam,"Released May 4, 1972",97.0,89.0
And Now for Something Completely Different,https://www.rottentomatoes.com/m/and_now_for_something_completely_different,1972,88.0,87.0
The Discreet Charm of the Bourgeoisie,https://www.rottentomatoes.com/m/the_discreet_charm_of_the_bourgeoisie,"Released Sep 15, 1972",98.0,88.0
The Discreet Charm of the Bourgeoisie,https://www.rottentomatoes.com/m/discreet_charm_of_the_bourgeoisie,"Released Sep 15, 1972",98.0,88.0
Jeremiah Johnson,https://www.rottentomatoes.com/m/jeremiah_johnson,"Released Sep 10, 1972",91.0,89.0
Paper Moon,https://www.rottentomatoes.com/m/paper_moon,"Released May 9, 1973",90.0,94.0
Serpico,https://www.rottentomatoes.com/m/serpico,"Released Dec 5, 1973",93.0,88.0
Wattstax,https://www.rottentomatoes.com/m/wattstax,"Released Feb 4, 1973",90.0,90.0
Paper Moon,https://www.rottentomatoes.com/m/paper_moon,"Released May 9, 1973",90.0,94.0
The Day of the Jackal,https://www.rottentomatoes.com/m/day_of_the_jackal,"Released Jul 30, 1973",91.0,88.0
Day for Night,https://www.rottentomatoes.com/m/day_for_night,"Released Sep 7, 1973",98.0,91.0
Enter the Dragon,https://www.rottentomatoes.com/m/enter_the_dragon,"Released Jan 1, 1973",88.0,91.0
High Plains Drifter,https://www.rottentomatoes.com/m/high_plains_drifter,"Released Apr 19, 1973",94.0,86.0
Badlands,https://www.rottentomatoes.com/m/badlands,"Released Oct 15, 1973",97.0,90.0
The Holy Mountain,https://www.rottentomatoes.com/m/holy_mountain,"Released Nov 29, 1973",85.0,88.0
Serpico,https://www.rottentomatoes.com/m/serpico,"Released Dec 5, 1973",93.0,88.0
Fantastic Planet,https://www.rottentomatoes.com/m/fantastic_planet,1973,91.0,87.0
The Last Detail,https://www.rottentomatoes.com/m/last_detail,"Released Dec 12, 1973",87.0,87.0
Amarcord,https://www.rottentomatoes.com/m/amarcord,"Released Sep 19, 1974",87.0,90.0
Blazing Saddles,https://www.rottentomatoes.com/m/blazing_saddles,In Theaters Sun Sep 15,89.0,91.0
Young Frankenstein,https://www.rottentomatoes.com/m/young_frankenstein,"Released Dec 15, 1974",95.0,92.0
"The Godfather, Part II",https://www.rottentomatoes.com/m/godfather_part_ii,"Released Dec 12, 1974",96.0,97.0
Blazing Saddles,https://www.rottentomatoes.com/m/blazing_saddles,In Theaters Sun Sep 15,89.0,91.0
The Conversation,https://www.rottentomatoes.com/m/the_conversation,"Released Apr 7, 1974",97.0,89.0
The Conversation,https://www.rottentomatoes.com/m/conversation,"Released Apr 7, 1974",97.0,89.0
Alice in the Cities,https://www.rottentomatoes.com/m/alice_in_the_cities,"Released Apr 28, 1977",100.0,91.0
That's Entertainment!,https://www.rottentomatoes.com/m/thats_entertainment,"Released May 23, 1974",100.0,86.0
Chinatown,https://www.rottentomatoes.com/m/chinatown,"Released Jun 20, 1974",98.0,93.0
The Take,https://www.rottentomatoes.com/m/the_take,"Released Sep 3, 2004",90.0,91.0
The Taking of Pelham One Two Three,https://www.rottentomatoes.com/m/the_taking_of_pelham_one_two_three,"Released Oct 2, 1974",98.0,88.0
The Taking of Pelham One Two Three,https://www.rottentomatoes.com/m/taking_of_pelham_one_two_three,"Released Oct 2, 1974",98.0,88.0
Female Trouble,https://www.rottentomatoes.com/m/female_trouble,"Released Oct 4, 1975",90.0,85.0
Lenny,https://www.rottentomatoes.com/m/lenny,"Released Aug 15, 1975",87.0,88.0
The Phantom of Liberty,https://www.rottentomatoes.com/m/phantom_of_liberty,"Released Sep 11, 1974",85.0,91.0
F for Fake,https://www.rottentomatoes.com/m/f_for_fake,"Released Jan 30, 1976",88.0,88.0
Young Frankenstein,https://www.rottentomatoes.com/m/young_frankenstein,"Released Dec 15, 1974",95.0,92.0
"The Godfather, Part II",https://www.rottentomatoes.com/m/godfather_part_ii,"Released Dec 12, 1974",96.0,97.0
Hearts and Minds,https://www.rottentomatoes.com/m/hearts_and_minds,"Released Nov 17, 1975",91.0,90.0
Jaws,https://www.rottentomatoes.com/m/jaws,"Released Jun 20, 1975",97.0,90.0
One Flew Over the Cuckoo's Nest,https://www.rottentomatoes.com/m/one_flew_over_the_cuckoos_nest,"Released Nov 19, 1975",93.0,96.0
Dog Day Afternoon,https://www.rottentomatoes.com/m/dog_day_afternoon,"Released Sep 21, 1975",96.0,90.0
Monty Python and the Holy Grail,https://www.rottentomatoes.com/m/monty_python_and_the_holy_grail,"Released Apr 1, 1975",96.0,95.0
Love and Death,https://www.rottentomatoes.com/m/love_and_death,"Released Jun 10, 1975",100.0,90.0
Jaws,https://www.rottentomatoes.com/m/jaws,"Released Jun 20, 1975",97.0,90.0
Cooley High,https://www.rottentomatoes.com/m/cooley_high,"Released Jan 1, 1975",89.0,89.0
Dog Day Afternoon,https://www.rottentomatoes.com/m/dog_day_afternoon,"Released Sep 21, 1975",96.0,90.0
One Flew Over the Cuckoo's Nest,https://www.rottentomatoes.com/m/one_flew_over_the_cuckoos_nest,"Released Nov 19, 1975",93.0,96.0
Barry Lyndon,https://www.rottentomatoes.com/m/barry_lyndon,"Released Dec 18, 1975",87.0,92.0
The Man Who Would Be King,https://www.rottentomatoes.com/m/man_who_would_be_king,"Released Dec 17, 1975",97.0,90.0
All the President's Men,https://www.rottentomatoes.com/m/all_the_presidents_men,"Released Jan 1, 1976",94.0,92.0
Taxi Driver,https://www.rottentomatoes.com/m/taxi_driver,"Released Feb 8, 1976",89.0,93.0
Grey Gardens,https://www.rottentomatoes.com/m/grey_gardens,"Released Sep 27, 1975",94.0,85.0
All the President's Men,https://www.rottentomatoes.com/m/all_the_presidents_men,"Released Jan 1, 1976",94.0,92.0
The Outlaw Josey Wales,https://www.rottentomatoes.com/m/the_outlaw_josey_wales,"Released Jun 30, 1976",91.0,91.0
The Outlaw Josey Wales,https://www.rottentomatoes.com/m/outlaw_josey_wales,"Released Jun 30, 1976",91.0,91.0
"Harlan County, U.S.A.",https://www.rottentomatoes.com/m/harlan_county_usa,Now Playing,100.0,92.0
Up,https://www.rottentomatoes.com/m/up,"Released May 29, 2009",98.0,90.0
Network,https://www.rottentomatoes.com/m/network,"Released Nov 27, 1976",91.0,93.0
Star Wars: Episode IV - A New Hope,https://www.rottentomatoes.com/m/star_wars,"Released May 25, 1977",93.0,96.0
Close Encounters of the Third Kind,https://www.rottentomatoes.com/m/close_encounters_of_the_third_kind,"Released Nov 16, 1977",90.0,85.0
Annie Hall,https://www.rottentomatoes.com/m/annie_hall,"Released Jan 1, 1977",97.0,92.0
Slap Shot,https://www.rottentomatoes.com/m/slap_shot,"Released Feb 25, 1977",85.0,88.0
The Many Adventures of Winnie the Pooh,https://www.rottentomatoes.com/m/many_adventures_of_winnie_the_pooh,1977,100.0,87.0
Annie Hall,https://www.rottentomatoes.com/m/annie_hall,"Released Jan 1, 1977",97.0,92.0
3 Women,https://www.rottentomatoes.com/m/3_women,"Released Apr 10, 1977",85.0,86.0
Star Wars: Episode IV - A New Hope,https://www.rottentomatoes.com/m/star_wars,"Released May 25, 1977",93.0,96.0
Stroszek,https://www.rottentomatoes.com/m/stroszek,"Released Jan 12, 1977",96.0,92.0
That Obscure Object of Desire,https://www.rottentomatoes.com/m/that_obscure_object_of_desire,"Released Oct 8, 1977",97.0,90.0
Soldier of Orange,https://www.rottentomatoes.com/m/soldier_of_orange,"Released Aug 16, 1979",91.0,87.0
Madame Rosa,https://www.rottentomatoes.com/m/madame_rosa,"Released Mar 19, 1978",89.0,93.0
Close Encounters of the Third Kind,https://www.rottentomatoes.com/m/close_encounters_of_the_third_kind,"Released Nov 16, 1977",90.0,85.0
Opening Night,https://www.rottentomatoes.com/m/opening_night,"Released Dec 25, 1977",96.0,90.0
National Lampoon's Animal House,https://www.rottentomatoes.com/m/national_lampoons_animal_house,"Released Jun 1, 1978",91.0,89.0
The Deer Hunter,https://www.rottentomatoes.com/m/the_deer_hunter,"Released Dec 8, 1978",86.0,91.0
The Deer Hunter,https://www.rottentomatoes.com/m/deer_hunter,"Released Dec 8, 1978",86.0,91.0
Blue Collar,https://www.rottentomatoes.com/m/blue_collar,"Released Feb 10, 1978",96.0,88.0
The Last Waltz,https://www.rottentomatoes.com/m/last_waltz,"Released Dec 31, 1978",98.0,94.0
Star Wars: Episode IV - A New Hope,https://www.rottentomatoes.com/m/star_wars,"Released May 25, 1977",93.0,96.0
National Lampoon's Animal House,https://www.rottentomatoes.com/m/national_lampoons_animal_house,"Released Jun 1, 1978",91.0,89.0
A Wedding,https://www.rottentomatoes.com/m/a_wedding,2016,100.0,86.0
Days of Heaven,https://www.rottentomatoes.com/m/days_of_heaven,"Released Jan 1, 1978",94.0,89.0
Midnight Express,https://www.rottentomatoes.com/m/midnight_express,"Released Sep 1, 1978",90.0,88.0
Autumn Sonata,https://www.rottentomatoes.com/m/autumn_sonata,"Released Oct 8, 1978",85.0,92.0
The Deer Hunter,https://www.rottentomatoes.com/m/the_deer_hunter,"Released Dec 8, 1978",86.0,91.0
The Deer Hunter,https://www.rottentomatoes.com/m/deer_hunter,"Released Dec 8, 1978",86.0,91.0
Kramer vs. Kramer,https://www.rottentomatoes.com/m/kramer_vs_kramer,"Released Dec 19, 1979",89.0,89.0
Alien,https://www.rottentomatoes.com/m/alien,"Released May 25, 1979",93.0,94.0
Apocalypse Now,https://www.rottentomatoes.com/m/apocalypse_now,"Released Aug 15, 1979",97.0,94.0
The Muppet Movie,https://www.rottentomatoes.com/m/the_muppet_movie,"Released Jun 22, 1979",89.0,88.0
The Muppet Movie,https://www.rottentomatoes.com/m/muppet_movie,"Released Jun 22, 1979",89.0,88.0
Richard Pryor: Live in Concert,https://www.rottentomatoes.com/m/richard_pryor_live_in_concert,"Released Jan 26, 1979",92.0,93.0
Manhattan,https://www.rottentomatoes.com/m/manhattan,"Released Mar 14, 1979",94.0,92.0
The Kids Are Alright,https://www.rottentomatoes.com/m/the_kids_are_alright,Now Playing,100.0,88.0
Alien,https://www.rottentomatoes.com/m/alien,"Released May 25, 1979",93.0,94.0
Jaws,https://www.rottentomatoes.com/m/jaws,"Released Jun 20, 1975",97.0,90.0
Escape From Alcatraz,https://www.rottentomatoes.com/m/escape_from_alcatraz,1979,97.0,85.0
The Muppet Movie,https://www.rottentomatoes.com/m/the_muppet_movie,"Released Jun 22, 1979",89.0,88.0
The Muppet Movie,https://www.rottentomatoes.com/m/muppet_movie,"Released Jun 22, 1979",89.0,88.0
Breaking Away,https://www.rottentomatoes.com/m/breaking_away,"Released Jul 18, 1979",95.0,88.0
The Wanderers,https://www.rottentomatoes.com/m/wanderers,"Released Jul 4, 1979",89.0,87.0
Apocalypse Now,https://www.rottentomatoes.com/m/apocalypse_now,"Released Aug 15, 1979",97.0,94.0
Star Wars: Episode IV - A New Hope,https://www.rottentomatoes.com/m/star_wars,"Released May 25, 1977",93.0,96.0
Life of Brian,https://www.rottentomatoes.com/m/monty_pythons_life_of_brian,"Released Aug 17, 1979",96.0,93.0
Heartland,https://www.rottentomatoes.com/m/heartland,"Released Sep 22, 1979",100.0,86.0
Head Over Heels,https://www.rottentomatoes.com/m/chilly_scenes_of_winter,1979,90.0,92.0
All Quiet on the Western Front,https://www.rottentomatoes.com/m/all_quiet_on_the_western_front,"Released Aug 24, 1930",98.0,89.0
Being There,https://www.rottentomatoes.com/m/being_there,"Released Dec 19, 1979",95.0,92.0
Kramer vs. Kramer,https://www.rottentomatoes.com/m/kramer_vs_kramer,"Released Dec 19, 1979",89.0,89.0
All That Jazz,https://www.rottentomatoes.com/m/all_that_jazz,Now Playing,87.0,85.0
Star Wars: Episode V - The Empire Strikes Back,https://www.rottentomatoes.com/m/the_empire_strikes_back,"Released May 21, 1980",95.0,97.0
Star Wars: Episode V - The Empire Strikes Back,https://www.rottentomatoes.com/m/empire_strikes_back,"Released May 21, 1980",95.0,97.0
Airplane!,https://www.rottentomatoes.com/m/airplane,"Released Jan 1, 1980",97.0,89.0
Coal Miner's Daughter,https://www.rottentomatoes.com/m/coal_miners_daughter,"Released Mar 7, 1980",86.0,86.0
2001: A Space Odyssey,https://www.rottentomatoes.com/m/2001_a_space_odyssey,"Released Apr 2, 1968",92.0,89.0
Coal Miner's Daughter,https://www.rottentomatoes.com/m/coal_miners_daughter,"Released Mar 7, 1980",86.0,86.0
Breaker Morant,https://www.rottentomatoes.com/m/breaker_morant,"Released May 16, 1980",100.0,91.0
Star Wars: Episode V - The Empire Strikes Back,https://www.rottentomatoes.com/m/the_empire_strikes_back,"Released May 21, 1980",95.0,97.0
Star Wars: Episode V - The Empire Strikes Back,https://www.rottentomatoes.com/m/empire_strikes_back,"Released May 21, 1980",95.0,97.0
Airplane!,https://www.rottentomatoes.com/m/airplane,"Released Jan 1, 1980",97.0,89.0
Ordinary People,https://www.rottentomatoes.com/m/ordinary_people,"Released Sep 19, 1980",89.0,88.0
Divine Madness,https://www.rottentomatoes.com/m/divine_madness,1980,100.0,90.0
Kagemusha,https://www.rottentomatoes.com/m/kagemusha,"Released Oct 6, 1980",89.0,92.0
The Long Good Friday,https://www.rottentomatoes.com/m/the_long_good_friday,Now Playing,97.0,89.0
The Long Good Friday,https://www.rottentomatoes.com/m/long_good_friday,Now Playing,97.0,89.0
The Idolmaker,https://www.rottentomatoes.com/m/idolmaker,"Released Nov 14, 1980",90.0,85.0
Raging Bull,https://www.rottentomatoes.com/m/raging_bull,"Released Jan 1, 1980",92.0,93.0
Raiders of the Lost Ark,https://www.rottentomatoes.com/m/raiders_of_the_lost_ark,"Released Jun 12, 1981",93.0,96.0
On Golden Pond,https://www.rottentomatoes.com/m/on_golden_pond,"Released Jan 22, 1982",91.0,87.0
This Is Elvis,https://www.rottentomatoes.com/m/this_is_elvis,"Released Apr 3, 1981",89.0,88.0
Star Wars: Episode IV - A New Hope,https://www.rottentomatoes.com/m/star_wars,"Released May 25, 1977",93.0,96.0
Raiders of the Lost Ark,https://www.rottentomatoes.com/m/raiders_of_the_lost_ark,"Released Jun 12, 1981",93.0,96.0
An American Werewolf in London,https://www.rottentomatoes.com/m/an_american_werewolf_in_london,"Released Apr 21, 1981",89.0,85.0
Das Boot,https://www.rottentomatoes.com/m/das_boot,"Released Sep 17, 1981",98.0,96.0
My Dinner With Andre,https://www.rottentomatoes.com/m/my_dinner_with_andre,"Released Oct 11, 1981",92.0,85.0
On Golden Pond,https://www.rottentomatoes.com/m/on_golden_pond,"Released Jan 22, 1982",91.0,87.0
Star Trek II: The Wrath of Khan,https://www.rottentomatoes.com/m/star_trek_ii_the_wrath_of_khan,"Released Jun 4, 1982",87.0,90.0
Victor/Victoria,https://www.rottentomatoes.com/m/victorvictoria,"Released Mar 19, 1982",97.0,86.0
Star Trek II: The Wrath of Khan,https://www.rottentomatoes.com/m/star_trek_ii_the_wrath_of_khan,"Released Jun 4, 1982",87.0,90.0
Blade Runner,https://www.rottentomatoes.com/m/blade_runner,"Released Jun 25, 1982",89.0,91.0
The Secret of NIMH,https://www.rottentomatoes.com/m/secret_of_nimh,"Released Jul 30, 1982",93.0,85.0
The Draughtsman's Contract,https://www.rottentomatoes.com/m/draughtsmans_contract,"Released Feb 19, 1983",97.0,85.0
First Blood,https://www.rottentomatoes.com/m/first_blood,1982,86.0,86.0
The Man From Snowy River,https://www.rottentomatoes.com/m/man_from_snowy_river,1982,85.0,89.0
Gandhi,https://www.rottentomatoes.com/m/gandhi,"Released Nov 30, 1982",89.0,92.0
The Verdict,https://www.rottentomatoes.com/m/verdict,"Released Dec 8, 1982",88.0,88.0
Trading Places,https://www.rottentomatoes.com/m/trading_places,1983,89.0,85.0
Local Hero,https://www.rottentomatoes.com/m/local_hero,"Released Feb 17, 1983",100.0,87.0
Nostalghia,https://www.rottentomatoes.com/m/nostalghia,"Released Jan 8, 1984",88.0,90.0
Trading Places,https://www.rottentomatoes.com/m/trading_places,1983,89.0,85.0
Zelig,https://www.rottentomatoes.com/m/zelig,"Released Jul 15, 1983",97.0,88.0
National Lampoon's Vacation,https://www.rottentomatoes.com/m/national_lampoons_vacation,"Released Jul 29, 1983",94.0,85.0
The Right Stuff,https://www.rottentomatoes.com/m/the_right_stuff,"Released Sep 9, 1983",96.0,90.0
The Right Stuff,https://www.rottentomatoes.com/m/right_stuff,"Released Sep 9, 1983",96.0,90.0
The Dresser,https://www.rottentomatoes.com/m/dresser,"Released Dec 6, 1983",100.0,86.0
To Be or Not to Be,https://www.rottentomatoes.com/m/to_be_or_not_to_be,"Released Mar 6, 1942",96.0,93.0
Ghostbusters,https://www.rottentomatoes.com/m/ghostbusters,"Released Jun 8, 1984",95.0,88.0
Unfaithfully Yours,https://www.rottentomatoes.com/m/unfaithfully_yours,"Released Nov 5, 1948",94.0,85.0
This Is Spinal Tap,https://www.rottentomatoes.com/m/this_is_spinal_tap,Now Playing,96.0,92.0
Phar Lap,https://www.rottentomatoes.com/m/phar_lap,1983,88.0,93.0
Once Upon a Time in America,https://www.rottentomatoes.com/m/once_upon_a_time_in_america,1984,86.0,93.0
Ghostbusters,https://www.rottentomatoes.com/m/ghostbusters,"Released Jun 8, 1984",95.0,88.0
Love Streams,https://www.rottentomatoes.com/m/love_streams,"Released Aug 24, 1984",100.0,88.0
Amadeus,https://www.rottentomatoes.com/m/amadeus,"Released Nov 13, 1984",89.0,95.0
Stop Making Sense,https://www.rottentomatoes.com/m/stop_making_sense,"Released Oct 18, 1984",100.0,97.0
"Paris, Texas",https://www.rottentomatoes.com/m/paris_texas,Now Playing,94.0,93.0
The Terminator,https://www.rottentomatoes.com/m/the_terminator,"Released Oct 26, 1984",100.0,89.0
The Terminator,https://www.rottentomatoes.com/m/terminator,"Released Oct 26, 1984",100.0,89.0
The Times of Harvey Milk,https://www.rottentomatoes.com/m/the_times_of_harvey_milk,"Released Sep 20, 1984",96.0,94.0
The Times of Harvey Milk,https://www.rottentomatoes.com/m/times_of_harvey_milk,"Released Sep 20, 1984",96.0,94.0
The Killing Fields,https://www.rottentomatoes.com/m/the_killing_fields,"Released Nov 2, 1984",93.0,91.0
The Killing Fields,https://www.rottentomatoes.com/m/killing_fields,"Released Nov 2, 1984",93.0,91.0
Back to the Future,https://www.rottentomatoes.com/m/back_to_the_future,"Released Jul 3, 1985",93.0,95.0
Water,https://www.rottentomatoes.com/m/water,2005,91.0,90.0
Blood Simple,https://www.rottentomatoes.com/m/blood_simple,"Released Jul 7, 1984",94.0,88.0
The Breakfast Club,https://www.rottentomatoes.com/m/breakfast_club,"Released Feb 15, 1985",89.0,92.0
The Purple Rose of Cairo,https://www.rottentomatoes.com/m/purple_rose_of_cairo,"Released Mar 1, 1985",93.0,88.0
Back to the Future,https://www.rottentomatoes.com/m/back_to_the_future,"Released Jul 3, 1985",93.0,95.0
The Official Story,https://www.rottentomatoes.com/m/official_story,"Released Nov 8, 1985",100.0,89.0
Ran,https://www.rottentomatoes.com/m/ran,Now Playing,96.0,95.0
The Trip to Bountiful,https://www.rottentomatoes.com/m/the_trip_to_bountiful,"Released Jan 24, 1986",100.0,86.0
The Trip to Bountiful,https://www.rottentomatoes.com/m/trip_to_bountiful,"Released Jan 24, 1986",100.0,86.0
Platoon,https://www.rottentomatoes.com/m/platoon,"Released Dec 19, 1986",89.0,93.0
Hannah and Her Sisters,https://www.rottentomatoes.com/m/hannah_and_her_sisters,"Released Feb 7, 1986",91.0,90.0
Salvador,https://www.rottentomatoes.com/m/salvador,"Released Apr 23, 1986",90.0,85.0
Blue Velvet,https://www.rottentomatoes.com/m/blue_velvet,"Released Sep 19, 1986",95.0,88.0
Down by Law,https://www.rottentomatoes.com/m/down_by_law,Now Playing,88.0,93.0
Round Midnight,https://www.rottentomatoes.com/m/round_midnight,"Released Sep 12, 1986",100.0,89.0
Hoosiers,https://www.rottentomatoes.com/m/hoosiers,"Released Nov 14, 1986",91.0,88.0
Platoon,https://www.rottentomatoes.com/m/platoon,"Released Dec 19, 1986",89.0,93.0
Raising Arizona,https://www.rottentomatoes.com/m/raising_arizona,"Released Mar 1, 1987",91.0,85.0
Withnail and I,https://www.rottentomatoes.com/m/withnail_and_i,1987,92.0,94.0
The Allnighter,https://www.rottentomatoes.com/m/the_allnighter,2023,100.0,92.0
Full Metal Jacket,https://www.rottentomatoes.com/m/full_metal_jacket,"Released Jun 1, 1987",90.0,94.0
Matewan,https://www.rottentomatoes.com/m/matewan,"Released Aug 28, 1987",94.0,93.0
Chuck Berry Hail! Hail! Rock 'n' Roll,https://www.rottentomatoes.com/m/chuck_berry_hail_hail_rock_n_roll,1987,89.0,95.0
The Princess Bride,https://www.rottentomatoes.com/m/the_princess_bride,"Released Oct 1, 1987",96.0,94.0
The Princess Bride,https://www.rottentomatoes.com/m/princess_bride,"Released Oct 1, 1987",96.0,94.0
No Man's Land,https://www.rottentomatoes.com/m/no_mans_land,"Released Dec 21, 2001",93.0,92.0
The Last Emperor,https://www.rottentomatoes.com/m/last_emperor,"Released Nov 18, 1987",86.0,88.0
"Planes, Trains and Automobiles",https://www.rottentomatoes.com/m/planes_trains_and_automobiles,"Released Nov 27, 1987",92.0,87.0
Rain Man,https://www.rottentomatoes.com/m/rain_man,"Released Dec 14, 1988",88.0,90.0
Who Framed Roger Rabbit,https://www.rottentomatoes.com/m/who_framed_roger_rabbit,"Released Jun 21, 1988",96.0,85.0
Die Hard,https://www.rottentomatoes.com/m/die_hard,"Released Jul 15, 1988",94.0,94.0
Elevator to the Gallows,https://www.rottentomatoes.com/m/frantic,"Released Jun 10, 1958",93.0,91.0
Babette's Feast,https://www.rottentomatoes.com/m/babettes_feast,"Released Mar 4, 1987",97.0,91.0
The Tracker,https://www.rottentomatoes.com/m/the_tracker,"Released Jan 16, 2004",88.0,86.0
Wings of Desire,https://www.rottentomatoes.com/m/wings_of_desire,"Released Jan 1, 1987",95.0,93.0
Who Framed Roger Rabbit,https://www.rottentomatoes.com/m/who_framed_roger_rabbit,"Released Jun 21, 1988",96.0,85.0
Die Hard,https://www.rottentomatoes.com/m/die_hard,"Released Jul 15, 1988",94.0,94.0
Midnight Run,https://www.rottentomatoes.com/m/midnight_run,"Released Jul 11, 1988",95.0,87.0
The Thin Blue Line,https://www.rottentomatoes.com/m/thin_blue_line,"Released Aug 25, 1988",100.0,90.0
Imagine: John Lennon,https://www.rottentomatoes.com/m/imagine_john_lennon,1988,91.0,91.0
Rain Man,https://www.rottentomatoes.com/m/rain_man,"Released Dec 14, 1988",88.0,90.0
Lawrence of Arabia,https://www.rottentomatoes.com/m/lawrence_of_arabia,In Theaters Sun Aug 11,93.0,93.0
Pepper's Pow Wow,https://www.rottentomatoes.com/m/powwow_highway,1996,100.0,85.0
Say Anything...,https://www.rottentomatoes.com/m/say_anything,"Released Apr 14, 1989",98.0,85.0
Field of Dreams,https://www.rottentomatoes.com/m/field_of_dreams,"Released Apr 21, 1989",88.0,86.0
Do the Right Thing,https://www.rottentomatoes.com/m/do_the_right_thing,"Released Jun 30, 1989",92.0,89.0
When Harry Met Sally...,https://www.rottentomatoes.com/m/when_harry_met_sally,"Released Jul 12, 1989",89.0,89.0
Crimes and Misdemeanors,https://www.rottentomatoes.com/m/crimes_and_misdemeanors,"Released Oct 13, 1989",92.0,91.0
Drugstore Cowboy,https://www.rottentomatoes.com/m/drugstore_cowboy,"Released Oct 6, 1989",97.0,85.0
My Left Foot,https://www.rottentomatoes.com/m/my_left_foot,"Released Nov 10, 1989",98.0,92.0
Camille Claudel,https://www.rottentomatoes.com/m/camille_claudel,"Released Dec 21, 1989",92.0,88.0
Dances With Wolves,https://www.rottentomatoes.com/m/dances_with_wolves,"Released Nov 21, 1990",87.0,87.0
The Hunt for Red October,https://www.rottentomatoes.com/m/hunt_for_red_october,"Released Feb 2, 1990",88.0,88.0
Cinema Paradiso,https://www.rottentomatoes.com/m/cinema_paradiso,"Released Feb 23, 1988",91.0,96.0
The Hunt for Red October,https://www.rottentomatoes.com/m/hunt_for_red_october,"Released Feb 2, 1990",88.0,88.0
"The Cook, the Thief, His Wife and Her Lover",https://www.rottentomatoes.com/m/the_cook_the_thief_his_wife_and_her_lover,"Released Apr 6, 1990",86.0,88.0
"The Cook, the Thief, His Wife and Her Lover",https://www.rottentomatoes.com/m/cook_the_thief_his_wife_and_her_lover,"Released Apr 6, 1990",86.0,88.0
Goodfellas,https://www.rottentomatoes.com/m/goodfellas,"Released Sep 19, 1990",95.0,97.0
Miller's Crossing,https://www.rottentomatoes.com/m/millers_crossing,"Released Sep 21, 1990",93.0,90.0
Night of the Living Dead,https://www.rottentomatoes.com/m/night_of_the_living_dead,"Released Oct 1, 1968",95.0,87.0
Dances With Wolves,https://www.rottentomatoes.com/m/dances_with_wolves,"Released Nov 21, 1990",87.0,87.0
Misery,https://www.rottentomatoes.com/m/misery,"Released Nov 30, 1990",91.0,90.0
Edward Scissorhands,https://www.rottentomatoes.com/m/edward_scissorhands,"Released Dec 7, 1990",90.0,91.0
Hamlet,https://www.rottentomatoes.com/m/hamlet,2009,100.0,91.0
Terminator 2: Judgment Day,https://www.rottentomatoes.com/m/terminator_2_judgment_day,"Released Jul 3, 1991",91.0,95.0
The Silence of the Lambs,https://www.rottentomatoes.com/m/the_silence_of_the_lambs,"Released Feb 13, 1991",95.0,95.0
The Silence of the Lambs,https://www.rottentomatoes.com/m/silence_of_the_lambs,"Released Feb 13, 1991",95.0,95.0
The Silence of the Lambs,https://www.rottentomatoes.com/m/the_silence_of_the_lambs,"Released Feb 13, 1991",95.0,95.0
The Silence of the Lambs,https://www.rottentomatoes.com/m/silence_of_the_lambs,"Released Feb 13, 1991",95.0,95.0
Citizen Kane,https://www.rottentomatoes.com/m/citizen_kane,"Released May 1, 1941",99.0,90.0
Terminator 2: Judgment Day,https://www.rottentomatoes.com/m/terminator_2_judgment_day,"Released Jul 3, 1991",91.0,95.0
Boyz N the Hood,https://www.rottentomatoes.com/m/boyz_n_the_hood,"Released Jul 12, 1991",96.0,93.0
A Brighter Summer Day,https://www.rottentomatoes.com/m/a_brighter_summer_day,1991,100.0,94.0
Barton Fink,https://www.rottentomatoes.com/m/barton_fink,"Released Aug 1, 1991",90.0,89.0
The Fisher King,https://www.rottentomatoes.com/m/fisher_king,"Released Sep 20, 1991",85.0,85.0
Life Is Sweet,https://www.rottentomatoes.com/m/life_is_sweet,1991,93.0,87.0
The Double Life of Veronique,https://www.rottentomatoes.com/m/double_life_of_veronique,"Released Nov 24, 1991",85.0,92.0
Hearts of Darkness: A Filmmaker's Apocalypse,https://www.rottentomatoes.com/m/hearts_of_darkness_a_filmmakers_apocalypse,"Released Nov 27, 1991",100.0,94.0
Until the End of the World,https://www.rottentomatoes.com/m/until_the_end_of_the_world,"Released Jan 3, 1991",89.0,89.0
My Cousin Vinny,https://www.rottentomatoes.com/m/my_cousin_vinny,"Released Mar 13, 1992",87.0,87.0
Raise the Red Lantern,https://www.rottentomatoes.com/m/raise_the_red_lantern,"Released Sep 10, 1991",97.0,94.0
Delicatessen,https://www.rottentomatoes.com/m/delicatessen,"Released Apr 17, 1991",90.0,91.0
Monster in a Box,https://www.rottentomatoes.com/m/monster_in_a_box,1991,93.0,88.0
The Hairdresser's Husband,https://www.rottentomatoes.com/m/hairdressers_husband,"Released Oct 3, 1990",92.0,86.0
Blade Runner,https://www.rottentomatoes.com/m/blade_runner,"Released Jun 25, 1982",89.0,91.0
Glengarry Glen Ross,https://www.rottentomatoes.com/m/glengarry_glen_ross,"Released Sep 16, 1992",95.0,88.0
Hero,https://www.rottentomatoes.com/m/hero,"Released Aug 27, 2004",94.0,87.0
Reservoir Dogs,https://www.rottentomatoes.com/m/reservoir_dogs,"Released Oct 23, 1992",90.0,94.0
Jurassic Park,https://www.rottentomatoes.com/m/jurassic_park,"Released Jun 11, 1993",92.0,91.0
Schindler's List,https://www.rottentomatoes.com/m/schindlers_list,"Released Dec 15, 1993",98.0,97.0
The Vanishing,https://www.rottentomatoes.com/m/the_vanishing,"Released Oct 10, 1990",96.0,88.0
Dead Alive,https://www.rottentomatoes.com/m/dead_alive,"Released Feb 12, 1993",89.0,87.0
Groundhog Day,https://www.rottentomatoes.com/m/groundhog_day,"Released Feb 12, 1993",94.0,88.0
My Neighbor Totoro,https://www.rottentomatoes.com/m/my_neighbor_totoro,In Theaters Sat Dec 7,93.0,94.0
The Music of Chance,https://www.rottentomatoes.com/m/the_music_of_chance,1993,100.0,87.0
The Music of Chance,https://www.rottentomatoes.com/m/music_of_chance,1993,100.0,87.0
Nothing But a Man,https://www.rottentomatoes.com/m/nothing_but_a_man,1964,98.0,88.0
Jurassic Park,https://www.rottentomatoes.com/m/jurassic_park,"Released Jun 11, 1993",92.0,91.0
What's Love Got to Do With It,https://www.rottentomatoes.com/m/whats_love_got_to_do_with_it,"Released Jun 9, 1993",97.0,88.0
The Wedding Banquet,https://www.rottentomatoes.com/m/wedding_banquet,"Released Aug 1, 1993",97.0,87.0
Searching for Bobby Fischer,https://www.rottentomatoes.com/m/searching_for_bobby_fischer,"Released Aug 11, 1993",100.0,86.0
The Joy Luck Club,https://www.rottentomatoes.com/m/joy_luck_club,"Released Sep 8, 1993",86.0,89.0
True Romance,https://www.rottentomatoes.com/m/true_romance,"Released Sep 10, 1993",93.0,93.0
And the Band Played On,https://www.rottentomatoes.com/m/and_the_band_played_on,1993,100.0,88.0
Dazed and Confused,https://www.rottentomatoes.com/m/dazed_and_confused,"Released Sep 10, 1993",93.0,90.0
Short Cuts,https://www.rottentomatoes.com/m/short_cuts,Now Playing,95.0,88.0
The Nightmare Before Christmas,https://www.rottentomatoes.com/m/nightmare_before_christmas,"Released Oct 29, 1993",95.0,92.0
The Remains of the Day,https://www.rottentomatoes.com/m/remains_of_the_day,"Released Nov 5, 1993",96.0,90.0
The Piano,https://www.rottentomatoes.com/m/piano,Now Playing,90.0,86.0
The Snapper,https://www.rottentomatoes.com/m/the_snapper,"Released Aug 6, 1993",97.0,86.0
The Snapper,https://www.rottentomatoes.com/m/snapper,"Released Aug 6, 1993",97.0,86.0
Schindler's List,https://www.rottentomatoes.com/m/schindlers_list,"Released Dec 15, 1993",98.0,97.0
What's Eating Gilbert Grape,https://www.rottentomatoes.com/m/whats_eating_gilbert_grape,"Released Dec 25, 1993",90.0,89.0
Shadowlands,https://www.rottentomatoes.com/m/shadowlands,"Released Jan 14, 1994",97.0,89.0
In the Name of the Father,https://www.rottentomatoes.com/m/in_the_name_of_the_father,"Released Dec 12, 1993",94.0,95.0
The Lion King,https://www.rottentomatoes.com/m/the_lion_king,"Released Jun 24, 1994",92.0,93.0
The Lion King,https://www.rottentomatoes.com/m/lion_king,"Released Jun 24, 1994",92.0,93.0
Pulp Fiction,https://www.rottentomatoes.com/m/pulp_fiction,"Released Oct 14, 1994",92.0,96.0
Midnight Cowboy,https://www.rottentomatoes.com/m/midnight_cowboy,"Released May 25, 1969",89.0,88.0
The Crow,https://www.rottentomatoes.com/m/the_crow,"Released May 13, 1994",86.0,90.0
The Crow,https://www.rottentomatoes.com/m/crow,"Released May 13, 1994",86.0,90.0
The Lion King,https://www.rottentomatoes.com/m/the_lion_king,"Released Jun 24, 1994",92.0,93.0
The Lion King,https://www.rottentomatoes.com/m/lion_king,"Released Jun 24, 1994",92.0,93.0
Eat Drink Man Woman,https://www.rottentomatoes.com/m/eat_drink_man_woman,"Released Aug 3, 1994",88.0,92.0
"The Adventures of Priscilla, Queen of the Desert",https://www.rottentomatoes.com/m/adventures_of_priscilla_queen_of_the_desert,"Released Aug 10, 1994",94.0,88.0
Fresh,https://www.rottentomatoes.com/m/fresh,1994,88.0,91.0
Quiz Show,https://www.rottentomatoes.com/m/quiz_show,"Released Sep 14, 1994",97.0,87.0
The Shawshank Redemption,https://www.rottentomatoes.com/m/the_shawshank_redemption,"Released Sep 1, 1994",89.0,98.0
The Shawshank Redemption,https://www.rottentomatoes.com/m/shawshank_redemption,"Released Sep 1, 1994",89.0,98.0
Ed Wood,https://www.rottentomatoes.com/m/ed_wood,"Released Sep 28, 1994",92.0,88.0
Hoop Dreams,https://www.rottentomatoes.com/m/hoop_dreams,"Released Oct 14, 1994",98.0,92.0
I Like It Like That,https://www.rottentomatoes.com/m/i_like_it_like_that,1994,89.0,91.0
Pulp Fiction,https://www.rottentomatoes.com/m/pulp_fiction,"Released Oct 14, 1994",92.0,96.0
Clerks,https://www.rottentomatoes.com/m/clerks,"Released Oct 19, 1994",90.0,89.0
Miracle on 34th Street,https://www.rottentomatoes.com/m/miracle_on_34th_street,"Released May 2, 1947",96.0,87.0
Toy Story,https://www.rottentomatoes.com/m/toy_story,"Released Nov 22, 1995",100.0,92.0
Apollo 13,https://www.rottentomatoes.com/m/apollo_13,"Released Jun 30, 1995",96.0,87.0
Before Sunrise,https://www.rottentomatoes.com/m/before_sunrise,"Released Jan 27, 1995",100.0,93.0
The Secret of Roan Inish,https://www.rottentomatoes.com/m/the_secret_of_roan_inish,"Released Jan 21, 1994",95.0,87.0
The Secret of Roan Inish,https://www.rottentomatoes.com/m/secret_of_roan_inish,"Released Jan 21, 1994",95.0,87.0
Citizen X,https://www.rottentomatoes.com/m/citizen_x,1995,86.0,86.0
The Wild Bunch,https://www.rottentomatoes.com/m/the_wild_bunch,"Released Jun 18, 1969",91.0,90.0
Crumb,https://www.rottentomatoes.com/m/crumb,"Released Apr 21, 1994",95.0,89.0
The Bridges of Madison County,https://www.rottentomatoes.com/m/bridges_of_madison_county,"Released Jun 2, 1995",90.0,87.0
Belle de Jour,https://www.rottentomatoes.com/m/belle_de_jour,"Released Apr 10, 1967",95.0,85.0
Apollo 13,https://www.rottentomatoes.com/m/apollo_13,"Released Jun 30, 1995",96.0,87.0
Living in Oblivion,https://www.rottentomatoes.com/m/living_in_oblivion,"Released Mar 17, 1995",86.0,87.0
The Usual Suspects,https://www.rottentomatoes.com/m/usual_suspects,"Released Aug 16, 1995",87.0,96.0
Leaving Las Vegas,https://www.rottentomatoes.com/m/leaving_las_vegas,"Released Oct 27, 1995",91.0,85.0
Toy Story,https://www.rottentomatoes.com/m/toy_story,"Released Nov 22, 1995",100.0,92.0
12 Monkeys,https://www.rottentomatoes.com/m/12_monkeys,"Released Jan 26, 1995",88.0,88.0
Fargo,https://www.rottentomatoes.com/m/fargo,"Released Mar 15, 1996",95.0,92.0
The Celluloid Closet,https://www.rottentomatoes.com/m/celluloid_closet,"Released Jan 30, 1996",97.0,89.0
Welcome to the Dollhouse,https://www.rottentomatoes.com/m/welcome_to_the_dollhouse,"Released Jan 15, 1995",93.0,86.0
Trainspotting,https://www.rottentomatoes.com/m/trainspotting,"Released Jul 19, 1996",90.0,93.0
Willy Wonka and the Chocolate Factory,https://www.rottentomatoes.com/m/willy_wonka_and_the_chocolate_factory,"Released Jan 1, 1971",92.0,87.0
Giant,https://www.rottentomatoes.com/m/giant,"Released Nov 24, 1956",88.0,87.0
Secrets & Lies,https://www.rottentomatoes.com/m/secrets_and_lies,"Released Oct 25, 1996",96.0,91.0
Vertigo,https://www.rottentomatoes.com/m/vertigo,"Released May 9, 1958",92.0,93.0
Swingers,https://www.rottentomatoes.com/m/swingers,"Released Oct 18, 1996",88.0,89.0
When We Were Kings,https://www.rottentomatoes.com/m/when_we_were_kings,"Released Feb 14, 1997",98.0,94.0
Hype!,https://www.rottentomatoes.com/m/hype,"Released Nov 8, 1996",93.0,87.0
Shine,https://www.rottentomatoes.com/m/shine,"Released Jan 21, 1996",91.0,90.0
Star Trek: First Contact,https://www.rottentomatoes.com/m/star_trek_first_contact,"Released Nov 22, 1996",93.0,89.0
Sling Blade,https://www.rottentomatoes.com/m/sling_blade,"Released Aug 30, 1996",97.0,92.0
Hamlet,https://www.rottentomatoes.com/m/hamlet,2009,100.0,91.0
As Good as It Gets,https://www.rottentomatoes.com/m/as_good_as_it_gets,"Released Dec 19, 1997",86.0,86.0
Good Will Hunting,https://www.rottentomatoes.com/m/good_will_hunting,"Released Jan 9, 1998",97.0,94.0
Star Wars: Episode IV - A New Hope,https://www.rottentomatoes.com/m/star_wars,"Released May 25, 1977",93.0,96.0
Waiting for Guffman,https://www.rottentomatoes.com/m/waiting_for_guffman,"Released Jan 31, 1996",91.0,91.0
Star Wars: Episode V - The Empire Strikes Back,https://www.rottentomatoes.com/m/the_empire_strikes_back,"Released May 21, 1980",95.0,97.0
Star Wars: Episode V - The Empire Strikes Back,https://www.rottentomatoes.com/m/empire_strikes_back,"Released May 21, 1980",95.0,97.0
Donnie Brasco,https://www.rottentomatoes.com/m/donnie_brasco,"Released Feb 28, 1997",88.0,89.0
Ponette,https://www.rottentomatoes.com/m/ponette,1996,92.0,91.0
4 Little Girls,https://www.rottentomatoes.com/m/4_little_girls,"Released Jul 9, 1997",100.0,89.0
L.A. Confidential,https://www.rottentomatoes.com/m/la_confidential,"Released Sep 19, 1997",99.0,94.0
Boogie Nights,https://www.rottentomatoes.com/m/boogie_nights,"Released Oct 10, 1997",94.0,89.0
The Sweet Hereafter,https://www.rottentomatoes.com/m/sweet_hereafter,"Released Oct 4, 1997",98.0,86.0
Good Will Hunting,https://www.rottentomatoes.com/m/good_will_hunting,"Released Jan 9, 1998",97.0,94.0
As Good as It Gets,https://www.rottentomatoes.com/m/as_good_as_it_gets,"Released Dec 19, 1997",86.0,86.0
Jackie Brown,https://www.rottentomatoes.com/m/jackie_brown,"Released Dec 25, 1997",88.0,85.0
Saving Private Ryan,https://www.rottentomatoes.com/m/saving_private_ryan,"Released Jul 24, 1998",94.0,95.0
The Proposition,https://www.rottentomatoes.com/m/proposition,2005,85.0,85.0
The Truman Show,https://www.rottentomatoes.com/m/truman_show,"Released Jun 5, 1998",94.0,89.0
Mulan,https://www.rottentomatoes.com/m/mulan,"Released Jun 19, 1998",86.0,85.0
Pi,https://www.rottentomatoes.com/m/pi,"Released Jul 10, 1998",88.0,85.0
Saving Private Ryan,https://www.rottentomatoes.com/m/saving_private_ryan,"Released Jul 24, 1998",94.0,95.0
Marvel's the Avengers,https://www.rottentomatoes.com/m/avengers,"Released May 4, 2012",91.0,91.0
Rushmore,https://www.rottentomatoes.com/m/rushmore,"Released Feb 5, 1999",90.0,91.0
Psycho,https://www.rottentomatoes.com/m/psycho,"Released Jun 16, 1960",97.0,95.0
The Sixth Sense,https://www.rottentomatoes.com/m/sixth_sense,"Released Aug 6, 1999",86.0,90.0
Toy Story 2,https://www.rottentomatoes.com/m/toy_story_2,"Released Nov 24, 1999",100.0,87.0
October Sky,https://www.rottentomatoes.com/m/october_sky,"Released Feb 19, 1999",91.0,88.0
All About My Mother,https://www.rottentomatoes.com/m/all_about_my_mother,"Released Nov 24, 1999",98.0,93.0
Inherit the Wind,https://www.rottentomatoes.com/m/inherit_the_wind,"Released Nov 1, 1960",93.0,91.0
Run Lola Run,https://www.rottentomatoes.com/m/run_lola_run,"Released Jun 18, 1999",93.0,90.0
The Iron Giant,https://www.rottentomatoes.com/m/the_iron_giant,"Released Aug 4, 1999",96.0,90.0
The Iron Giant,https://www.rottentomatoes.com/m/iron_giant,"Released Aug 4, 1999",96.0,90.0
The Sixth Sense,https://www.rottentomatoes.com/m/sixth_sense,"Released Aug 6, 1999",86.0,90.0
American Beauty,https://www.rottentomatoes.com/m/american_beauty,"Released Oct 1, 1999",87.0,93.0
The Straight Story,https://www.rottentomatoes.com/m/straight_story,"Released May 21, 1999",95.0,91.0
Boys Don't Cry,https://www.rottentomatoes.com/m/boys_dont_cry,"Released Sep 2, 1999",90.0,87.0
Being John Malkovich,https://www.rottentomatoes.com/m/being_john_malkovich,"Released Oct 29, 1999",94.0,87.0
Princess Mononoke,https://www.rottentomatoes.com/m/princess_mononoke,"Released Jul 12, 1997",93.0,94.0
American Movie,https://www.rottentomatoes.com/m/american_movie,"Released Nov 5, 1999",94.0,90.0
The Insider,https://www.rottentomatoes.com/m/insider,"Released Nov 5, 1999",96.0,90.0
Toy Story 2,https://www.rottentomatoes.com/m/toy_story_2,"Released Nov 24, 1999",100.0,87.0
Love & Basketball,https://www.rottentomatoes.com/m/love_and_basketball,"Released Apr 21, 2000",85.0,95.0
Hamlet,https://www.rottentomatoes.com/m/hamlet,2009,100.0,91.0
The Girl on the Bridge,https://www.rottentomatoes.com/m/girl_on_the_bridge,"Released Mar 31, 1999",88.0,91.0
Into the Arms of Strangers: Stories of the Kindertransport,https://www.rottentomatoes.com/m/into_the_arms_of_strangers_stories_of_the_kindertransport,"Released Sep 15, 2000",92.0,88.0
Almost Famous,https://www.rottentomatoes.com/m/almost_famous,"Released Sep 15, 2000",91.0,92.0
Best in Show,https://www.rottentomatoes.com/m/best_in_show,"Released Sep 29, 2000",93.0,88.0
Billy Elliot,https://www.rottentomatoes.com/m/billy_elliot,"Released Oct 13, 2000",85.0,89.0
Batman Beyond: Return of the Joker,https://www.rottentomatoes.com/m/batman_beyond_return_of_the_joker,"Released Dec 12, 2000",100.0,86.0
You Can Count on Me,https://www.rottentomatoes.com/m/you_can_count_on_me,"Released Nov 10, 2000",95.0,88.0
Gift,https://www.rottentomatoes.com/m/gift,"Released Oct 11, 2019",100.0,89.0
The Lord of the Rings: The Fellowship of the Ring,https://www.rottentomatoes.com/m/the_lord_of_the_rings_the_fellowship_of_the_ring,"Released Dec 13, 2001",92.0,95.0
The Lord of the Rings: The Fellowship of the Ring,https://www.rottentomatoes.com/m/lord_of_the_rings_the_fellowship_of_the_ring,"Released Dec 13, 2001",92.0,95.0
Shrek,https://www.rottentomatoes.com/m/shrek,"Released May 18, 2001",88.0,90.0
"Monsters, Inc.",https://www.rottentomatoes.com/m/monsters_inc,"Released Nov 2, 2001",96.0,90.0
The Gleaners and I,https://www.rottentomatoes.com/m/the_gleaners_and_i,"Released Jul 9, 2000",93.0,86.0
The Gleaners and I,https://www.rottentomatoes.com/m/gleaners_and_i,"Released Jul 9, 2000",93.0,86.0
Elling,https://www.rottentomatoes.com/m/elling,"Released May 29, 2002",85.0,91.0
Memento,https://www.rottentomatoes.com/m/memento,"Released Sep 5, 2000",94.0,94.0
61*,https://www.rottentomatoes.com/m/61,2001,86.0,90.0
Shrek,https://www.rottentomatoes.com/m/shrek,"Released May 18, 2001",88.0,90.0
Stanley Kubrick: A Life in Pictures,https://www.rottentomatoes.com/m/stanley_kubrick_a_life_in_pictures,2001,86.0,89.0
Sexy Beast,https://www.rottentomatoes.com/m/sexy_beast,"Released Sep 13, 2000",87.0,85.0
Hedwig and the Angry Inch,https://www.rottentomatoes.com/m/hedwig_and_the_angry_inch,"Released Jul 20, 2001",92.0,93.0
Dinner Rush,https://www.rottentomatoes.com/m/dinner_rush,"Released Sep 28, 2000",91.0,85.0
"Monsters, Inc.",https://www.rottentomatoes.com/m/monsters_inc,"Released Nov 2, 2001",96.0,90.0
No Man's Land,https://www.rottentomatoes.com/m/no_mans_land,"Released Dec 21, 2001",93.0,92.0
The Lord of the Rings: The Fellowship of the Ring,https://www.rottentomatoes.com/m/the_lord_of_the_rings_the_fellowship_of_the_ring,"Released Dec 13, 2001",92.0,95.0
The Lord of the Rings: The Fellowship of the Ring,https://www.rottentomatoes.com/m/lord_of_the_rings_the_fellowship_of_the_ring,"Released Dec 13, 2001",92.0,95.0
The Lord of the Rings: The Two Towers,https://www.rottentomatoes.com/m/the_lord_of_the_rings_the_two_towers,"Released Dec 5, 2002",95.0,95.0
The Lord of the Rings: The Two Towers,https://www.rottentomatoes.com/m/lord_of_the_rings_the_two_towers,"Released Dec 5, 2002",95.0,95.0
24 Hour Party People,https://www.rottentomatoes.com/m/24_hour_party_people,"Released Aug 9, 2002",87.0,87.0
Spirited Away,https://www.rottentomatoes.com/m/spirited_away,"Released Sep 20, 2002",96.0,96.0
The Lord of the Rings: The Two Towers,https://www.rottentomatoes.com/m/the_lord_of_the_rings_the_two_towers,"Released Dec 5, 2002",95.0,95.0
The Lord of the Rings: The Two Towers,https://www.rottentomatoes.com/m/lord_of_the_rings_the_two_towers,"Released Dec 5, 2002",95.0,95.0
Catch Me if You Can,https://www.rottentomatoes.com/m/catch_me_if_you_can,"Released Dec 25, 2002",96.0,89.0
The Pianist,https://www.rottentomatoes.com/m/pianist,"Released Dec 27, 2002",95.0,96.0
Talk to Her,https://www.rottentomatoes.com/m/talk_to_her,"Released Nov 22, 2002",91.0,93.0
The Lord of the Rings: The Return of the King,https://www.rottentomatoes.com/m/the_lord_of_the_rings_the_return_of_the_king,"Released Dec 3, 2003",94.0,86.0
The Lord of the Rings: The Return of the King,https://www.rottentomatoes.com/m/lord_of_the_rings_the_return_of_the_king,"Released Dec 3, 2003",94.0,86.0
Finding Nemo,https://www.rottentomatoes.com/m/finding_nemo,"Released May 30, 2003",99.0,86.0
X2,https://www.rottentomatoes.com/m/x2_xmen_united,"Released May 2, 2003",85.0,85.0
City of God,https://www.rottentomatoes.com/m/city_of_god,"Released Jan 17, 2003",91.0,97.0
X2,https://www.rottentomatoes.com/m/x2,"Released May 2, 2003",85.0,85.0
Sweet Sixteen,https://www.rottentomatoes.com/m/sweet_sixteen,"Released May 16, 2003",97.0,88.0
Finding Nemo,https://www.rottentomatoes.com/m/finding_nemo,"Released May 30, 2003",99.0,86.0
Whale Rider,https://www.rottentomatoes.com/m/whale_rider,"Released Jun 6, 2003",91.0,88.0
28 Days Later,https://www.rottentomatoes.com/m/28_days_later,"Released Jun 27, 2003",87.0,85.0
The Cuckoo,https://www.rottentomatoes.com/m/cuckoo,"Released Jun 27, 2003",87.0,89.0
The Magdalene Sisters,https://www.rottentomatoes.com/m/magdalene_sisters,"Released Aug 15, 2003",91.0,89.0
American Splendor,https://www.rottentomatoes.com/m/american_splendor,"Released Aug 15, 2003",94.0,86.0
Lost in Translation,https://www.rottentomatoes.com/m/lost_in_translation,"Released Sep 19, 2003",95.0,85.0
Mystic River,https://www.rottentomatoes.com/m/mystic_river,"Released Oct 15, 2003",89.0,89.0
Alien,https://www.rottentomatoes.com/m/alien,"Released May 25, 1979",93.0,94.0
In America,https://www.rottentomatoes.com/m/in_america,"Released Nov 26, 2003",90.0,91.0
The Station Agent,https://www.rottentomatoes.com/m/station_agent,"Released Oct 10, 2003",94.0,89.0
The Lord of the Rings: The Return of the King,https://www.rottentomatoes.com/m/the_lord_of_the_rings_the_return_of_the_king,"Released Dec 3, 2003",94.0,86.0
The Lord of the Rings: The Return of the King,https://www.rottentomatoes.com/m/lord_of_the_rings_the_return_of_the_king,"Released Dec 3, 2003",94.0,86.0
Harry Potter and the Prisoner of Azkaban,https://www.rottentomatoes.com/m/harry_potter_and_the_prisoner_of_azkaban,"Released May 31, 2004",90.0,86.0
Eternal Sunshine of the Spotless Mind,https://www.rottentomatoes.com/m/eternal_sunshine_of_the_spotless_mind,"Released Mar 19, 2004",92.0,94.0
Harry Potter and the Prisoner of Azkaban,https://www.rottentomatoes.com/m/harry_potter_and_the_prisoner_of_azkaban,"Released May 31, 2004",90.0,86.0
Before Sunset,https://www.rottentomatoes.com/m/before_sunset,"Released Feb 10, 2004",94.0,92.0
Garden State,https://www.rottentomatoes.com/m/garden_state,"Released Jan 16, 2004",86.0,88.0
Saving Face,https://www.rottentomatoes.com/m/saving_face,"Released May 27, 2005",88.0,88.0
Shaun of the Dead,https://www.rottentomatoes.com/m/shaun_of_the_dead,"Released Apr 9, 2004",92.0,93.0
Million Dollar Baby,https://www.rottentomatoes.com/m/million_dollar_baby,"Released Dec 15, 2004",90.0,90.0
Hotel Rwanda,https://www.rottentomatoes.com/m/hotel_rwanda,"Released Dec 22, 2004",91.0,94.0
Batman Begins,https://www.rottentomatoes.com/m/batman_begins,"Released Jun 15, 2005",85.0,94.0
Batman Begins,https://www.rottentomatoes.com/m/batman_begins,"Released Jun 15, 2005",85.0,94.0
"Kiss Kiss, Bang Bang",https://www.rottentomatoes.com/m/kiss_kiss_bang_bang,"Released Nov 11, 2005",86.0,87.0
Casino Royale,https://www.rottentomatoes.com/m/casino_royale,"Released Nov 17, 2006",94.0,90.0
Thank You for Smoking,https://www.rottentomatoes.com/m/thank_you_for_smoking,2005,86.0,87.0
Inside Man,https://www.rottentomatoes.com/m/inside_man,"Released Mar 24, 2006",86.0,85.0
Little Miss Sunshine,https://www.rottentomatoes.com/m/little_miss_sunshine,"Released Jan 20, 2006",91.0,91.0
The Last King of Scotland,https://www.rottentomatoes.com/m/the_last_king_of_scotland,"Released Jan 19, 2007",87.0,89.0
The Last King of Scotland,https://www.rottentomatoes.com/m/last_king_of_scotland,"Released Jan 19, 2007",87.0,89.0
The Departed,https://www.rottentomatoes.com/m/the_departed,"Released Oct 6, 2006",91.0,94.0
The Departed,https://www.rottentomatoes.com/m/departed,"Released Oct 6, 2006",91.0,94.0
Queen,https://www.rottentomatoes.com/m/queen,Now Playing,92.0,85.0
Shut Up and Sing,https://www.rottentomatoes.com/m/dixie_chicks_shut_up_and_sing,"Released Oct 27, 2006",89.0,86.0
Volver,https://www.rottentomatoes.com/m/volver,2006,91.0,89.0
The Return,https://www.rottentomatoes.com/m/the_return,"Released Feb 6, 2004",96.0,93.0
Casino Royale,https://www.rottentomatoes.com/m/casino_royale,"Released Nov 17, 2006",94.0,90.0
Holiday,https://www.rottentomatoes.com/m/holiday,"Released Jun 15, 1938",100.0,89.0
Letters From Iwo Jima,https://www.rottentomatoes.com/m/letters_from_iwo_jima,"Released Feb 9, 2007",91.0,86.0
Children of Men,https://www.rottentomatoes.com/m/children_of_men,"Released Dec 25, 2006",92.0,85.0
Pan's Labyrinth,https://www.rottentomatoes.com/m/pans_labyrinth,"Released Dec 29, 2006",95.0,91.0
The Bourne Ultimatum,https://www.rottentomatoes.com/m/bourne_ultimatum,"Released Aug 3, 2007",92.0,91.0
The Wind That Shakes the Barley,https://www.rottentomatoes.com/m/the_wind_that_shakes_the_barley,2006,90.0,87.0
The Wind That Shakes the Barley,https://www.rottentomatoes.com/m/wind_that_shakes_the_barley,2006,90.0,87.0
Hot Fuzz,https://www.rottentomatoes.com/m/hot_fuzz,"Released Apr 20, 2007",91.0,89.0
Once,https://www.rottentomatoes.com/m/once,"Released May 16, 2007",97.0,91.0
Ratatouille,https://www.rottentomatoes.com/m/ratatouille,"Released Jun 29, 2007",96.0,87.0
Sicko,https://www.rottentomatoes.com/m/sicko,"Released Jun 29, 2007",91.0,87.0
The Bourne Ultimatum,https://www.rottentomatoes.com/m/bourne_ultimatum,"Released Aug 3, 2007",92.0,91.0
Superbad,https://www.rottentomatoes.com/m/superbad,"Released Aug 17, 2007",88.0,87.0
3:10 to Yuma,https://www.rottentomatoes.com/m/310_to_yuma,"Released Sep 7, 2007",89.0,86.0
Kingdom,https://www.rottentomatoes.com/m/kingdom,"Released Aug 16, 2019",94.0,96.0
Gone Baby Gone,https://www.rottentomatoes.com/m/gone_baby_gone,"Released Oct 19, 2007",94.0,86.0
The Nightmare Before Christmas,https://www.rottentomatoes.com/m/nightmare_before_christmas,"Released Oct 29, 1993",95.0,92.0
No Country for Old Men,https://www.rottentomatoes.com/m/no_country_for_old_men,"Released Nov 21, 2007",93.0,86.0
The Diving Bell and the Butterfly,https://www.rottentomatoes.com/m/diving_bell_and_the_butterfly,"Released Dec 19, 2007",94.0,92.0
Juno,https://www.rottentomatoes.com/m/juno,"Released Dec 25, 2007",94.0,88.0
There Will Be Blood,https://www.rottentomatoes.com/m/there_will_be_blood,"Released Jan 25, 2008",91.0,86.0
The Orphanage,https://www.rottentomatoes.com/m/the_orphanage,"Released Jan 11, 2008",87.0,86.0
The Dark Knight,https://www.rottentomatoes.com/m/the_dark_knight,"Released Jul 18, 2008",94.0,94.0
Iron Man,https://www.rottentomatoes.com/m/iron_man,"Released May 2, 2008",94.0,91.0
In Bruges,https://www.rottentomatoes.com/m/in_bruges,"Released Feb 8, 2008",85.0,87.0
Sita Sings the Blues,https://www.rottentomatoes.com/m/sita_sings_the_blues,2008,100.0,85.0
U2 3D,https://www.rottentomatoes.com/m/u2_3d,"Released Feb 22, 2008",92.0,93.0
Young at Heart,https://www.rottentomatoes.com/m/youngheart,"Released Apr 9, 2008",90.0,91.0
Iron Man,https://www.rottentomatoes.com/m/iron_man,"Released May 2, 2008",94.0,91.0
The Dark Knight,https://www.rottentomatoes.com/m/the_dark_knight,"Released Jul 18, 2008",94.0,94.0
Boy A,https://www.rottentomatoes.com/m/boy_a,"Released Jul 23, 2008",88.0,87.0
Trouble the Water,https://www.rottentomatoes.com/m/trouble_the_water,"Released Aug 22, 2008",96.0,87.0
Slumdog Millionaire,https://www.rottentomatoes.com/m/slumdog_millionaire,"Released Jan 23, 2009",91.0,90.0
Milk,https://www.rottentomatoes.com/m/milk,"Released Nov 26, 2008",93.0,89.0
Frost/Nixon,https://www.rottentomatoes.com/m/frostnixon,"Released Dec 25, 2008",93.0,88.0
The Wrestler,https://www.rottentomatoes.com/m/the_wrestler,"Released Dec 17, 2008",98.0,88.0
Waltz With Bashir,https://www.rottentomatoes.com/m/waltz_with_bashir,"Released Dec 25, 2008",97.0,91.0
Up,https://www.rottentomatoes.com/m/up,"Released May 29, 2009",98.0,90.0
Star Trek,https://www.rottentomatoes.com/m/star_trek,"Released May 7, 2009",94.0,91.0
Anvil! The Story of Anvil,https://www.rottentomatoes.com/m/anvil_the_story_of_anvil,"Released Apr 10, 2009",98.0,90.0
The Girl With the Dragon Tattoo,https://www.rottentomatoes.com/m/the_girl_with_the_dragon_tattoo,"Released Dec 20, 2011",86.0,86.0
The Girl With the Dragon Tattoo,https://www.rottentomatoes.com/m/girl_with_the_dragon_tattoo,Now Playing,85.0,87.0
The Song of Sparrows,https://www.rottentomatoes.com/m/song_of_sparrows,"Released Apr 3, 2009",98.0,87.0
Anvil! The Story of Anvil,https://www.rottentomatoes.com/m/anvil_the_story_of_anvil,"Released Apr 10, 2009",98.0,90.0
Every Little Step,https://www.rottentomatoes.com/m/every_little_step,"Released Apr 17, 2009",92.0,88.0
Grey Gardens,https://www.rottentomatoes.com/m/grey_gardens,"Released Sep 27, 1975",94.0,85.0
Star Trek,https://www.rottentomatoes.com/m/star_trek,"Released May 7, 2009",94.0,91.0
Up,https://www.rottentomatoes.com/m/up,"Released May 29, 2009",98.0,90.0
"Food, Inc.",https://www.rottentomatoes.com/m/food_inc,"Released Jun 12, 2009",95.0,86.0
Moon,https://www.rottentomatoes.com/m/moon,"Released Jun 12, 2009",90.0,89.0
Inglourious Basterds,https://www.rottentomatoes.com/m/inglourious_basterds,"Released Aug 21, 2009",89.0,88.0
Zombieland,https://www.rottentomatoes.com/m/zombieland,"Released Oct 2, 2009",89.0,86.0
The Damned United,https://www.rottentomatoes.com/m/damned_united,"Released Oct 9, 2009",92.0,85.0
Toy Story 3,https://www.rottentomatoes.com/m/toy_story_3,"Released Jun 18, 2010",98.0,90.0
Inception,https://www.rottentomatoes.com/m/inception,"Released Jul 16, 2010",87.0,91.0
How to Train Your Dragon,https://www.rottentomatoes.com/m/how_to_train_your_dragon,"Released Mar 26, 2010",99.0,91.0
Tangled,https://www.rottentomatoes.com/m/tangled,"Released Nov 24, 2010",89.0,87.0
Temple Grandin,https://www.rottentomatoes.com/m/temple_grandin,2010,100.0,94.0
Lourdes,https://www.rottentomatoes.com/m/lourdes,"Released Jun 25, 2021",100.0,91.0
The Art of the Steal,https://www.rottentomatoes.com/m/art_of_the_steal,"Released Feb 26, 2010",85.0,87.0
A Prophet,https://www.rottentomatoes.com/m/a_prophet,"Released Feb 26, 2010",96.0,89.0
How to Train Your Dragon,https://www.rottentomatoes.com/m/how_to_train_your_dragon,"Released Mar 26, 2010",99.0,91.0
Exit Through the Gift Shop,https://www.rottentomatoes.com/m/exit_through_the_gift_shop,"Released Apr 16, 2010",96.0,91.0
Racing Dreams,https://www.rottentomatoes.com/m/racing_dreams,"Released May 21, 2010",100.0,93.0
Toy Story 3,https://www.rottentomatoes.com/m/toy_story_3,"Released Jun 18, 2010",98.0,90.0
"I Was Born, But ...",https://www.rottentomatoes.com/m/i_was_born_but,1932,100.0,90.0
Restrepo,https://www.rottentomatoes.com/m/restrepo,"Released Jun 25, 2010",96.0,88.0
Inception,https://www.rottentomatoes.com/m/inception,"Released Jul 16, 2010",87.0,91.0
Neshoba: The Price of Freedom,https://www.rottentomatoes.com/m/neshoba,"Released Aug 13, 2010",88.0,93.0
The Tillman Story,https://www.rottentomatoes.com/m/the_tillman_story,"Released Aug 20, 2010",94.0,91.0
The Town,https://www.rottentomatoes.com/m/the_town,"Released Sep 17, 2010",92.0,85.0
The Social Network,https://www.rottentomatoes.com/m/the_social_network,"Released Oct 1, 2010",96.0,87.0
Inside Job,https://www.rottentomatoes.com/m/inside_job,"Released Oct 8, 2010",98.0,91.0
127 Hours,https://www.rottentomatoes.com/m/127_hours,"Released Jan 28, 2011",93.0,85.0
Tangled,https://www.rottentomatoes.com/m/tangled,"Released Nov 24, 2010",89.0,87.0
The King's Speech,https://www.rottentomatoes.com/m/the_kings_speech,"Released Jan 28, 2011",94.0,92.0
The Fighter,https://www.rottentomatoes.com/m/the_fighter,"Released Dec 17, 2010",91.0,89.0
Harry Potter and the Deathly Hallows: Part 2,https://www.rottentomatoes.com/m/harry_potter_and_the_deathly_hallows_part_2,"Released Jul 15, 2011",96.0,89.0
Buck,https://www.rottentomatoes.com/m/buck,"Released Jun 17, 2011",90.0,89.0
"Beats, Rhymes & Life: The Travels of A Tribe Called Quest",https://www.rottentomatoes.com/m/beats_rhymes_and_life_the_travels_of_a_tribe_called_quest,"Released Jul 8, 2011",90.0,90.0
Harry Potter and the Deathly Hallows: Part 2,https://www.rottentomatoes.com/m/harry_potter_and_the_deathly_hallows_part_2,"Released Jul 15, 2011",96.0,89.0
The Set-Up,https://www.rottentomatoes.com/m/setup,1949,85.0,89.0
Moneyball,https://www.rottentomatoes.com/m/moneyball,"Released Sep 23, 2011",94.0,86.0
George Harrison: Living in the Material World,https://www.rottentomatoes.com/m/george_harrison_living_in_the_material_world,2011,87.0,93.0
The Artist,https://www.rottentomatoes.com/m/the_artist,"Released Nov 23, 2011",95.0,87.0
The Girl With the Dragon Tattoo,https://www.rottentomatoes.com/m/the_girl_with_the_dragon_tattoo,"Released Dec 20, 2011",86.0,86.0
The Girl With the Dragon Tattoo,https://www.rottentomatoes.com/m/girl_with_the_dragon_tattoo,Now Playing,85.0,87.0
Marvel's the Avengers,https://www.rottentomatoes.com/m/avengers,"Released May 4, 2012",91.0,91.0
The Dark Knight Rises,https://www.rottentomatoes.com/m/the_dark_knight_rises,"Released Jul 20, 2012",87.0,90.0
Skyfall,https://www.rottentomatoes.com/m/skyfall,"Released Nov 9, 2012",92.0,86.0
Beauty and the Beast,https://www.rottentomatoes.com/m/beauty_and_the_beast_3d,"Released Nov 13, 1991",93.0,92.0
The Secret World of Arrietty,https://www.rottentomatoes.com/m/the_secret_world_of_arrietty,"Released Feb 17, 2012",94.0,85.0
Jiro Dreams of Sushi,https://www.rottentomatoes.com/m/jiro_dreams_of_sushi,"Released Mar 9, 2012",99.0,91.0
The Raid: Redemption,https://www.rottentomatoes.com/m/the_raid_redemption,"Released Apr 13, 2012",87.0,87.0
Monsieur Lazhar,https://www.rottentomatoes.com/m/monsieur_lazhar,"Released Apr 13, 2012",98.0,86.0
Marley,https://www.rottentomatoes.com/m/marley,"Released Apr 20, 2012",96.0,90.0
Headhunters,https://www.rottentomatoes.com/m/headhunters,"Released Apr 27, 2012",93.0,85.0
Marvel's the Avengers,https://www.rottentomatoes.com/m/avengers,"Released May 4, 2012",91.0,91.0
Moonrise Kingdom,https://www.rottentomatoes.com/m/moonrise_kingdom,"Released Jun 29, 2012",93.0,86.0
5 Broken Cameras,https://www.rottentomatoes.com/m/5_broken_cameras,"Released May 3, 2012",96.0,88.0
The Dark Knight Rises,https://www.rottentomatoes.com/m/the_dark_knight_rises,"Released Jul 20, 2012",87.0,90.0
Ai Weiwei: Never Sorry,https://www.rottentomatoes.com/m/ai_weiwei_never_sorry,"Released Jul 27, 2012",98.0,87.0
Searching for Sugar Man,https://www.rottentomatoes.com/m/searching_for_sugar_man,"Released Jul 27, 2012",95.0,92.0
Finding Nemo,https://www.rottentomatoes.com/m/finding_nemo_3d,"Released May 30, 2003",99.0,86.0
End of Watch,https://www.rottentomatoes.com/m/end_of_watch,"Released Sep 21, 2012",85.0,86.0
The Perks of Being a Wallflower,https://www.rottentomatoes.com/m/the_perks_of_being_a_wallflower,"Released Oct 12, 2012",85.0,89.0
The Perks of Being a Wallflower,https://www.rottentomatoes.com/m/perks_of_being_a_wallflower,"Released Oct 12, 2012",85.0,89.0
It's Such a Beautiful Day,https://www.rottentomatoes.com/m/its_such_a_beautiful_day,"Released Aug 24, 2012",100.0,92.0
Skyfall,https://www.rottentomatoes.com/m/skyfall,"Released Nov 9, 2012",92.0,86.0
Chasing Ice,https://www.rottentomatoes.com/m/chasing_ice,"Released Nov 9, 2012",96.0,85.0
Silver Linings Playbook,https://www.rottentomatoes.com/m/silver_linings_playbook,"Released Nov 21, 2012",92.0,86.0
"Monsters, Inc.",https://www.rottentomatoes.com/m/monsters_inc_3d,"Released Nov 2, 2001",96.0,90.0
Django Unchained,https://www.rottentomatoes.com/m/django_unchained,"Released Dec 25, 2012",87.0,92.0
West of Memphis,https://www.rottentomatoes.com/m/west_of_memphis,"Released Dec 25, 2012",95.0,87.0
The Hunger Games: Catching Fire,https://www.rottentomatoes.com/m/the_hunger_games_catching_fire,"Released Nov 22, 2013",90.0,89.0
Sound City,https://www.rottentomatoes.com/m/sound_city,"Released Feb 1, 2013",100.0,90.0
Jurassic Park,https://www.rottentomatoes.com/m/jurassic_park_3d,"Released Jun 11, 1993",92.0,91.0
Fruitvale Station,https://www.rottentomatoes.com/m/fruitvale_station,"Released Jul 26, 2013",94.0,87.0
Short Term 12,https://www.rottentomatoes.com/m/short_term_12,"Released Aug 23, 2013",98.0,92.0
Captain Phillips,https://www.rottentomatoes.com/m/captain_phillips,"Released Oct 11, 2013",93.0,89.0
12 Years a Slave,https://www.rottentomatoes.com/m/12_years_a_slave,"Released Oct 18, 2013",95.0,90.0
Dallas Buyers Club,https://www.rottentomatoes.com/m/dallas_buyers_club,"Released Nov 1, 2013",92.0,91.0
The Hunger Games: Catching Fire,https://www.rottentomatoes.com/m/the_hunger_games_catching_fire,"Released Nov 22, 2013",90.0,89.0
Philomena,https://www.rottentomatoes.com/m/philomena,"Released Nov 22, 2013",91.0,89.0
Guardians of the Galaxy,https://www.rottentomatoes.com/m/guardians_of_the_galaxy,"Released Aug 1, 2014",92.0,92.0
Captain America: The Winter Soldier,https://www.rottentomatoes.com/m/captain_america_the_winter_soldier,"Released Apr 4, 2014",90.0,92.0
The LEGO Movie,https://www.rottentomatoes.com/m/the_lego_movie,"Released Feb 7, 2014",96.0,87.0
Big Hero 6,https://www.rottentomatoes.com/m/big_hero_6,"Released Nov 7, 2014",90.0,91.0
The LEGO Movie,https://www.rottentomatoes.com/m/the_lego_movie,"Released Feb 7, 2014",96.0,87.0
The Grand Budapest Hotel,https://www.rottentomatoes.com/m/the_grand_budapest_hotel,"Released Mar 7, 2014",92.0,87.0
Captain America: The Winter Soldier,https://www.rottentomatoes.com/m/captain_america_the_winter_soldier,"Released Apr 4, 2014",90.0,92.0
The Normal Heart,https://www.rottentomatoes.com/m/the_normal_heart,2014,94.0,88.0
Edge of Tomorrow,https://www.rottentomatoes.com/m/edge_of_tomorrow,"Released Jun 6, 2014",91.0,90.0
How to Train Your Dragon 2,https://www.rottentomatoes.com/m/how_to_train_your_dragon_2,"Released Jun 13, 2014",92.0,90.0
Deliver Us From Evil,https://www.rottentomatoes.com/m/deliver_us_from_evil,"Released Oct 13, 2006",100.0,89.0
Dawn of the Planet of the Apes,https://www.rottentomatoes.com/m/dawn_of_the_planet_of_the_apes,"Released Jul 11, 2014",91.0,88.0
Guardians of the Galaxy,https://www.rottentomatoes.com/m/guardians_of_the_galaxy,"Released Aug 1, 2014",92.0,92.0
Gone Girl,https://www.rottentomatoes.com/m/gone_girl,"Released Oct 3, 2014",88.0,87.0
Nightcrawler,https://www.rottentomatoes.com/m/nightcrawler,"Released Oct 31, 2014",95.0,86.0
Big Hero 6,https://www.rottentomatoes.com/m/big_hero_6,"Released Nov 7, 2014",90.0,91.0
Selma,https://www.rottentomatoes.com/m/selma,"Released Jan 9, 2015",99.0,86.0
The Martian,https://www.rottentomatoes.com/m/the_martian,"Released Oct 2, 2015",91.0,91.0
Ex Machina,https://www.rottentomatoes.com/m/ex_machina,"Released Apr 24, 2015",92.0,86.0
Mad Max: Fury Road,https://www.rottentomatoes.com/m/mad_max_fury_road,"Released May 15, 2015",97.0,86.0
Love & Mercy,https://www.rottentomatoes.com/m/love_and_mercy,"Released Jun 5, 2015",89.0,85.0
Mission: Impossible Rogue Nation,https://www.rottentomatoes.com/m/mission_impossible_rogue_nation,"Released Jul 31, 2015",94.0,87.0
Gift,https://www.rottentomatoes.com/m/gift,"Released Oct 11, 2019",100.0,89.0
Straight Outta Compton,https://www.rottentomatoes.com/m/straight_outta_compton,"Released Aug 14, 2015",89.0,91.0
The Martian,https://www.rottentomatoes.com/m/the_martian,"Released Oct 2, 2015",91.0,91.0
Beasts of No Nation,https://www.rottentomatoes.com/m/beasts_of_no_nation,"Released Oct 16, 2015",91.0,92.0
Bridge of Spies,https://www.rottentomatoes.com/m/bridge_of_spies,"Released Oct 16, 2015",91.0,87.0
Creed,https://www.rottentomatoes.com/m/creed,"Released Nov 25, 2015",95.0,89.0
The Big Short,https://www.rottentomatoes.com/m/the_big_short,"Released Dec 23, 2015",89.0,88.0
Captain America: Civil War,https://www.rottentomatoes.com/m/captain_america_civil_war,"Released May 6, 2016",90.0,89.0
Deadpool,https://www.rottentomatoes.com/m/deadpool,"Released Feb 12, 2016",85.0,90.0
Zootopia,https://www.rottentomatoes.com/m/zootopia,"Released Mar 4, 2016",98.0,92.0
Boy,https://www.rottentomatoes.com/m/boy,"Released Mar 2, 2012",88.0,86.0
Deadpool,https://www.rottentomatoes.com/m/deadpool,"Released Feb 12, 2016",85.0,90.0
Zootopia,https://www.rottentomatoes.com/m/zootopia,"Released Mar 4, 2016",98.0,92.0
Captain America: Civil War,https://www.rottentomatoes.com/m/captain_america_civil_war,"Released May 6, 2016",90.0,89.0
Ghostbusters,https://www.rottentomatoes.com/m/ghostbusters,"Released Jun 8, 1984",95.0,88.0
Hell or High Water,https://www.rottentomatoes.com/m/hell_or_high_water,"Released Aug 19, 2016",97.0,88.0
Ben-Hur,https://www.rottentomatoes.com/m/benhur,"Released Nov 18, 1959",85.0,89.0
Kubo and the Two Strings,https://www.rottentomatoes.com/m/kubo_and_the_two_strings,"Released Aug 19, 2016",97.0,86.0
Queen of Katwe,https://www.rottentomatoes.com/m/queen_of_katwe,"Released Sep 30, 2016",94.0,86.0
Hidden Figures,https://www.rottentomatoes.com/m/hidden_figures,"Released Jan 6, 2017",93.0,93.0
Guardians of the Galaxy Vol. 2,https://www.rottentomatoes.com/m/guardians_of_the_galaxy_vol_2,"Released May 5, 2017",85.0,87.0
Thor: Ragnarok,https://www.rottentomatoes.com/m/thor_ragnarok,"Released Nov 3, 2017",93.0,87.0
John Wick: Chapter 2,https://www.rottentomatoes.com/m/john_wick_chapter_2,"Released Feb 10, 2017",89.0,85.0
Get Out,https://www.rottentomatoes.com/m/get_out,"Released Feb 24, 2017",98.0,86.0
Ghost in the Shell,https://www.rottentomatoes.com/m/ghost_in_the_shell,1995,95.0,89.0
Guardians of the Galaxy Vol. 2,https://www.rottentomatoes.com/m/guardians_of_the_galaxy_vol_2,"Released May 5, 2017",85.0,87.0
The Big Sick,https://www.rottentomatoes.com/m/the_big_sick,"Released Jul 14, 2017",98.0,88.0
Baby Driver,https://www.rottentomatoes.com/m/baby_driver,"Released Jun 28, 2017",92.0,86.0
Blade Runner 2049,https://www.rottentomatoes.com/m/blade_runner_2049,"Released Oct 6, 2017",88.0,88.0
Thor: Ragnarok,https://www.rottentomatoes.com/m/thor_ragnarok,"Released Nov 3, 2017",93.0,87.0
"Three Billboards Outside Ebbing, Missouri",https://www.rottentomatoes.com/m/three_billboards_outside_ebbing_missouri,"Released Nov 22, 2017",90.0,87.0
Wonder,https://www.rottentomatoes.com/m/wonder,"Released Nov 17, 2017",86.0,88.0
Call Me by Your Name,https://www.rottentomatoes.com/m/call_me_by_your_name,"Released Jan 19, 2018",94.0,86.0
The Disaster Artist,https://www.rottentomatoes.com/m/the_disaster_artist,"Released Dec 8, 2017",91.0,85.0
"I, Tonya",https://www.rottentomatoes.com/m/i_tonya,"Released Jan 12, 2018",90.0,88.0
Avengers: Infinity War,https://www.rottentomatoes.com/m/avengers_infinity_war,"Released Apr 27, 2018",85.0,92.0
Mission: Impossible - Fallout,https://www.rottentomatoes.com/m/mission_impossible_fallout,"Released Jul 27, 2018",97.0,88.0
"Love, Simon",https://www.rottentomatoes.com/m/love_simon,"Released Mar 16, 2018",92.0,87.0
Sgt. Stubby: An American Hero,https://www.rottentomatoes.com/m/sgt_stubby_an_american_hero,"Released Apr 13, 2018",89.0,92.0
Avengers: Infinity War,https://www.rottentomatoes.com/m/avengers_infinity_war,"Released Apr 27, 2018",85.0,92.0
Won't You Be My Neighbor?,https://www.rottentomatoes.com/m/wont_you_be_my_neighbor,"Released Jun 29, 2018",97.0,94.0
Blindspotting,https://www.rottentomatoes.com/m/blindspotting,"Released Jul 27, 2018",94.0,87.0
Mission: Impossible - Fallout,https://www.rottentomatoes.com/m/mission_impossible_fallout,"Released Jul 27, 2018",97.0,88.0
To All the Boys I've Loved Before,https://www.rottentomatoes.com/m/to_all_the_boys_ive_loved_before,2018,96.0,85.0
Life Itself,https://www.rottentomatoes.com/m/life_itself,"Released Jul 4, 2014",98.0,88.0
The Great Buster: A Celebration,https://www.rottentomatoes.com/m/the_great_buster_a_celebration,"Released Oct 5, 2018",94.0,86.0
Bodied,https://www.rottentomatoes.com/m/bodied,"Released Nov 2, 2018",89.0,85.0
Avengers: Endgame,https://www.rottentomatoes.com/m/avengers_endgame,"Released Apr 26, 2019",94.0,90.0
The Lion King,https://www.rottentomatoes.com/m/the_lion_king,"Released Jun 24, 1994",92.0,93.0
The Lion King,https://www.rottentomatoes.com/m/lion_king,"Released Jun 24, 1994",92.0,93.0
Toy Story 4,https://www.rottentomatoes.com/m/toy_story_4,"Released Jun 21, 2019",97.0,94.0
How to Train Your Dragon: The Hidden World,https://www.rottentomatoes.com/m/how_to_train_your_dragon_the_hidden_world,"Released Feb 22, 2019",90.0,87.0
Fighting With My Family,https://www.rottentomatoes.com/m/fighting_with_my_family,"Released Feb 22, 2019",93.0,86.0
Avengers: Endgame,https://www.rottentomatoes.com/m/avengers_endgame,"Released Apr 26, 2019",94.0,90.0
John Wick: Chapter 3 -- Parabellum,https://www.rottentomatoes.com/m/john_wick_chapter_3_parabellum,"Released May 17, 2019",89.0,86.0
Toy Story 4,https://www.rottentomatoes.com/m/toy_story_4,"Released Jun 21, 2019",97.0,94.0
The Lion King,https://www.rottentomatoes.com/m/the_lion_king,"Released Jun 24, 1994",92.0,93.0
The Lion King,https://www.rottentomatoes.com/m/lion_king,"Released Jun 24, 1994",92.0,93.0
Dora and the Lost City of Gold,https://www.rottentomatoes.com/m/dora_and_the_lost_city_of_gold,"Released Aug 9, 2019",85.0,88.0
The Peanut Butter Falcon,https://www.rottentomatoes.com/m/the_peanut_butter_falcon,"Released Aug 23, 2019",95.0,96.0
After the Wedding,https://www.rottentomatoes.com/m/after_the_wedding,2006,87.0,87.0
Blinded by the Light,https://www.rottentomatoes.com/m/blinded_by_the_light,"Released Aug 16, 2019",89.0,91.0
Brittany Runs a Marathon,https://www.rottentomatoes.com/m/brittany_runs_a_marathon,"Released Sep 13, 2019",88.0,87.0
Monos,https://www.rottentomatoes.com/m/monos,"Released Sep 13, 2019",93.0,85.0
Dolemite Is My Name,https://www.rottentomatoes.com/m/dolemite_is_my_name,"Released Oct 4, 2019",97.0,91.0
The Irishman,https://www.rottentomatoes.com/m/the_irishman,"Released Nov 1, 2019",95.0,86.0
Klaus,https://www.rottentomatoes.com/m/klaus,"Released Nov 8, 2019",95.0,96.0
Honey Boy,https://www.rottentomatoes.com/m/honey_boy,"Released Nov 8, 2019",95.0,92.0
Ford v Ferrari,https://www.rottentomatoes.com/m/ford_v_ferrari,"Released Nov 15, 2019",92.0,98.0
A Beautiful Day in the Neighborhood,https://www.rottentomatoes.com/m/a_beautiful_day_in_the_neighborhood,"Released Nov 22, 2019",95.0,92.0
Knives Out,https://www.rottentomatoes.com/m/knives_out,"Released Nov 27, 2019",97.0,92.0
The Two Popes,https://www.rottentomatoes.com/m/the_two_popes,"Released Nov 27, 2019",89.0,88.0
Just Mercy,https://www.rottentomatoes.com/m/just_mercy,"Released Jan 10, 2020",85.0,99.0
Onward,https://www.rottentomatoes.com/m/onward,"Released Mar 6, 2020",88.0,95.0
Onward,https://www.rottentomatoes.com/m/onward,"Released Mar 6, 2020",88.0,95.0
Bad Education,https://www.rottentomatoes.com/m/bad_education,"Released Mar 19, 2004",88.0,86.0
Athlete A,https://www.rottentomatoes.com/m/athlete_a,2020,100.0,92.0
Animal Crackers,https://www.rottentomatoes.com/m/animal_crackers,"Released Aug 28, 1930",97.0,89.0
Black Is King,https://www.rottentomatoes.com/m/black_is_king,2020,94.0,89.0
Boys State,https://www.rottentomatoes.com/m/boys_state,"Released Jul 31, 2020",95.0,91.0
Words on Bathroom Walls,https://www.rottentomatoes.com/m/words_on_bathroom_walls,"Released Aug 21, 2020",89.0,94.0
Phineas and Ferb the Movie: Candace Against the Universe,https://www.rottentomatoes.com/m/phineas_and_ferb_the_movie_candace_against_the_universe,2020,100.0,86.0
Mulan,https://www.rottentomatoes.com/m/mulan,"Released Jun 19, 1998",86.0,85.0
Critical Thinking,https://www.rottentomatoes.com/m/critical_thinking,"Released Sep 4, 2020",94.0,91.0
The Trial of the Chicago 7,https://www.rottentomatoes.com/m/the_trial_of_the_chicago_7,"Released Oct 16, 2020",89.0,90.0
The Boys in the Band,https://www.rottentomatoes.com/m/boys_in_the_band,"Released Mar 17, 1970",90.0,87.0
Love and Monsters,https://www.rottentomatoes.com/m/love_and_monsters,"Released Oct 16, 2020",94.0,89.0
Sound of Metal,https://www.rottentomatoes.com/m/sound_of_metal,"Released Nov 20, 2020",97.0,90.0
Folklore: The Long Pond Studio Sessions,https://www.rottentomatoes.com/m/folklore_the_long_pond_studio_sessions,2020,100.0,95.0
Soul,https://www.rottentomatoes.com/m/soul,Released Jan 12,95.0,88.0
News of the World,https://www.rottentomatoes.com/m/news_of_the_world,"Released Dec 25, 2020",88.0,89.0
Promising Young Woman,https://www.rottentomatoes.com/m/promising_young_woman,"Released Dec 25, 2020",90.0,87.0
A Quiet Place Part II,https://www.rottentomatoes.com/m/a_quiet_place_part_ii,"Released May 28, 2021",91.0,92.0
DIG!,https://www.rottentomatoes.com/m/dig,"Released Oct 1, 2004",89.0,90.0
Our Friend,https://www.rottentomatoes.com/m/our_friend,"Released Jan 22, 2021",86.0,95.0
No Man's Land,https://www.rottentomatoes.com/m/no_mans_land,"Released Dec 21, 2001",93.0,92.0
Judas and the Black Messiah,https://www.rottentomatoes.com/m/judas_and_the_black_messiah,"Released Feb 12, 2021",96.0,95.0
Minari,https://www.rottentomatoes.com/m/minari,"Released Feb 12, 2021",98.0,87.0
Billie Eilish: The World's a Little Blurry,https://www.rottentomatoes.com/m/billie_eilish_the_worlds_a_little_blurry,"Released Feb 26, 2021",96.0,95.0
Raya and the Last Dragon,https://www.rottentomatoes.com/m/raya_and_the_last_dragon,"Released Mar 5, 2021",93.0,97.0
The Courier,https://www.rottentomatoes.com/m/the_courier,"Released Mar 19, 2021",85.0,95.0
Arlo the Alligator Boy,https://www.rottentomatoes.com/m/arlo_the_alligator_boy,2021,85.0,85.0
The Mitchells vs. the Machines,https://www.rottentomatoes.com/m/the_mitchells_vs_the_machines,"Released Apr 23, 2021",97.0,89.0
The Paper Tigers,https://www.rottentomatoes.com/m/the_paper_tigers,"Released May 7, 2021",98.0,93.0
Dream Horse,https://www.rottentomatoes.com/m/dream_horse,"Released May 21, 2021",88.0,97.0
A Quiet Place Part II,https://www.rottentomatoes.com/m/a_quiet_place_part_ii,"Released May 28, 2021",91.0,92.0
Rita Moreno: Just a Girl Who Decided to Go For It,https://www.rottentomatoes.com/m/rita_moreno_just_a_girl_who_decided_to_go_for_it,"Released Jun 18, 2021",96.0,93.0
The Sparks Brothers,https://www.rottentomatoes.com/m/the_sparks_brothers,"Released Jun 18, 2021",95.0,98.0
Truman & Tennessee: An Intimate Conversation,https://www.rottentomatoes.com/m/truman_and_tennessee_an_intimate_conversation,"Released Jun 18, 2021",91.0,100.0
A Crime on the Bayou,https://www.rottentomatoes.com/m/a_crime_on_the_bayou,"Released Jun 18, 2021",100.0,88.0
"Summer of Soul (...Or, When the Revolution Could Not Be Televised)",https://www.rottentomatoes.com/m/summer_of_soul,"Released Jul 2, 2021",99.0,98.0
Roadrunner: A Film About Anthony Bourdain,https://www.rottentomatoes.com/m/roadrunner_a_film_about_anthony_bourdain,"Released Jul 16, 2021",91.0,94.0
Val,https://www.rottentomatoes.com/m/val,"Released Jul 23, 2021",93.0,88.0
Ailey,https://www.rottentomatoes.com/m/ailey,"Released Jul 23, 2021",90.0,88.0
Not Going Quietly,https://www.rottentomatoes.com/m/not_going_quietly,"Released Aug 13, 2021",100.0,91.0
RUSHED,https://www.rottentomatoes.com/m/rushed,"Released Aug 27, 2021",90.0,88.0
Come From Away,https://www.rottentomatoes.com/m/come_from_away,2021,98.0,95.0
The Killing of Kenneth Chamberlain,https://www.rottentomatoes.com/m/the_killing_of_kenneth_chamberlain,"Released Sep 17, 2021",97.0,85.0
Old Henry,https://www.rottentomatoes.com/m/old_henry,"Released Oct 1, 2021",95.0,92.0
The Harder They Fall,https://www.rottentomatoes.com/m/the_harder_they_fall,"Released Oct 22, 2021",88.0,93.0
The Souvenir Part II,https://www.rottentomatoes.com/m/the_souvenir_part_ii,"Released Oct 29, 2021",90.0,86.0
"Tick, Tick... Boom!",https://www.rottentomatoes.com/m/tick_tick_boom,"Released Nov 12, 2021",87.0,96.0
King Richard,https://www.rottentomatoes.com/m/king_richard,"Released Nov 19, 2021",90.0,98.0
Friend of the World,https://www.rottentomatoes.com/m/friend_of_the_world,2020,91.0,95.0
Nightmare Alley,https://www.rottentomatoes.com/m/nightmare_alley,"Released Oct 9, 1947",88.0,86.0
Top Gun: Maverick,https://www.rottentomatoes.com/m/top_gun_maverick,"Released May 27, 2022",96.0,99.0
The Batman,https://www.rottentomatoes.com/m/the_batman,"Released Mar 4, 2022",85.0,87.0
Puss in Boots: The Last Wish,https://www.rottentomatoes.com/m/puss_in_boots_the_last_wish,"Released Dec 21, 2022",95.0,94.0
Jackass Forever,https://www.rottentomatoes.com/m/jackass_forever,"Released Feb 4, 2022",85.0,91.0
Cyrano,https://www.rottentomatoes.com/m/cyrano,"Released Feb 25, 2022",85.0,86.0
The Batman,https://www.rottentomatoes.com/m/the_batman,"Released Mar 4, 2022",85.0,87.0
Fresh,https://www.rottentomatoes.com/m/fresh,1994,88.0,91.0
Rescued by Ruby,https://www.rottentomatoes.com/m/rescued_by_ruby,2022,88.0,87.0
The Unbearable Weight of Massive Talent,https://www.rottentomatoes.com/m/the_unbearable_weight_of_massive_talent,"Released Apr 22, 2022",87.0,87.0
Downton Abbey: A New Era,https://www.rottentomatoes.com/m/downton_abbey_a_new_era,"Released May 20, 2022",87.0,97.0
Top Gun: Maverick,https://www.rottentomatoes.com/m/top_gun_maverick,"Released May 27, 2022",96.0,99.0
The Bob's Burgers Movie,https://www.rottentomatoes.com/m/the_bobs_burgers_movie,"Released May 27, 2022",87.0,89.0
Marcel the Shell with Shoes On,https://www.rottentomatoes.com/m/marcel_the_shell_with_shoes_on,"Released Jul 22, 2022",98.0,90.0
Rise,https://www.rottentomatoes.com/m/rise,"Released Jun 2, 2023",100.0,87.0
Thirteen Lives,https://www.rottentomatoes.com/m/thirteen_lives,"Released Jul 29, 2022",85.0,94.0
The Woman King,https://www.rottentomatoes.com/m/the_woman_king,"Released Sep 16, 2022",94.0,99.0
Bros,https://www.rottentomatoes.com/m/bros,"Released Sep 30, 2022",89.0,90.0
Till,https://www.rottentomatoes.com/m/till,"Released Oct 28, 2022",96.0,97.0
The Return of Tanya Tucker: Featuring Brandi Carlile,https://www.rottentomatoes.com/m/the_return_of_tanya_tucker_featuring_brandi_carlile,"Released Oct 21, 2022",92.0,94.0
Wonder,https://www.rottentomatoes.com/m/wonder,"Released Nov 17, 2017",86.0,88.0
Guillermo del Toro's Pinocchio,https://www.rottentomatoes.com/m/guillermo_del_toros_pinocchio,"Released Nov 9, 2022",96.0,90.0
She Said,https://www.rottentomatoes.com/m/she_said,"Released Nov 18, 2022",88.0,91.0
The Inspection,https://www.rottentomatoes.com/m/the_inspection,"Released Dec 2, 2022",88.0,91.0
Glass Onion: A Knives Out Mystery,https://www.rottentomatoes.com/m/glass_onion_a_knives_out_mystery,"Released Nov 23, 2022",91.0,92.0
Puss in Boots: The Last Wish,https://www.rottentomatoes.com/m/puss_in_boots_the_last_wish,"Released Dec 21, 2022",95.0,94.0
John Wick: Chapter 4,https://www.rottentomatoes.com/m/john_wick_chapter_4,"Released Mar 24, 2023",94.0,93.0
The Son,https://www.rottentomatoes.com/m/son,"Released Jan 10, 2003",88.0,86.0
Freedom's Path,https://www.rottentomatoes.com/m/freedoms_path,"Released Sep 8, 2023",91.0,99.0
Creed III,https://www.rottentomatoes.com/m/creed_iii,"Released Mar 3, 2023",88.0,95.0
Southern Gospel,https://www.rottentomatoes.com/m/southern_gospel,"Released Mar 10, 2023",100.0,98.0
Pinball: The Man Who Saved the Game,https://www.rottentomatoes.com/m/pinball_the_man_who_saved_the_game,"Released Mar 17, 2023",95.0,91.0
John Wick: Chapter 4,https://www.rottentomatoes.com/m/john_wick_chapter_4,"Released Mar 24, 2023",94.0,93.0
Dungeons & Dragons: Honor Among Thieves,https://www.rottentomatoes.com/m/dungeons_and_dragons_honor_among_thieves,"Released Mar 31, 2023",91.0,93.0
A Thousand and One,https://www.rottentomatoes.com/m/a_thousand_and_one,"Released Mar 31, 2023",97.0,85.0
Somewhere in Queens,https://www.rottentomatoes.com/m/somewhere_in_queens,"Released Apr 21, 2023",90.0,92.0
"Are You There God? It's Me, Margaret.",https://www.rottentomatoes.com/m/are_you_there_god_its_me_margaret,"Released Apr 28, 2023",99.0,95.0
Sisu,https://www.rottentomatoes.com/m/sisu,"Released Apr 28, 2023",94.0,88.0
The Starling Girl,https://www.rottentomatoes.com/m/the_starling_girl,"Released May 12, 2023",92.0,97.0
The Blackening,https://www.rottentomatoes.com/m/the_blackening,"Released Jun 16, 2023",87.0,85.0
Nimona,https://www.rottentomatoes.com/m/nimona,Now Playing,92.0,91.0
Mission: Impossible - Dead Reckoning Part One,https://www.rottentomatoes.com/m/mission_impossible_dead_reckoning_part_one,"Released Jul 12, 2023",96.0,94.0
They Cloned Tyrone,https://www.rottentomatoes.com/m/they_cloned_tyrone,"Released Jul 14, 2023",95.0,100.0
War Pony,https://www.rottentomatoes.com/m/war_pony,"Released Jul 28, 2023",93.0,87.0
Teenage Mutant Ninja Turtles: Mutant Mayhem,https://www.rottentomatoes.com/m/teenage_mutant_ninja_turtles_mutant_mayhem,"Released Aug 2, 2023",95.0,90.0
Jules,https://www.rottentomatoes.com/m/jules,"Released Aug 11, 2023",85.0,90.0
Inside Man,https://www.rottentomatoes.com/m/inside_man,"Released Mar 24, 2006",86.0,85.0
Bottoms,https://www.rottentomatoes.com/m/bottoms,"Released Sep 1, 2023",90.0,89.0
Aristotle and Dante Discover the Secrets of the Universe,https://www.rottentomatoes.com/m/aristotle_and_dante_discover_the_secrets_of_the_universe,"Released Sep 8, 2023",88.0,95.0
TAYLOR SWIFT | THE ERAS TOUR,https://www.rottentomatoes.com/m/taylor_swift_the_eras_tour,Now Playing,99.0,98.0
Nyad,https://www.rottentomatoes.com/m/nyad,"Released Oct 20, 2023",85.0,87.0
The Holdovers,https://www.rottentomatoes.com/m/the_holdovers,"Released Nov 10, 2023",97.0,92.0
Next Goal Wins,https://www.rottentomatoes.com/m/next_goal_wins,"Released Apr 25, 2014",100.0,89.0
Waitress: The Musical,https://www.rottentomatoes.com/m/waitress_the_musical,"Released Dec 7, 2023",100.0,98.0
American Fiction,https://www.rottentomatoes.com/m/american_fiction,Released Jan 12,93.0,96.0
The Iron Claw,https://www.rottentomatoes.com/m/the_iron_claw,"Released Feb 28, 1916",100.0,100.0
